,id,name
0,32140,Nick Ramirez
1,32141,Mikie Mahtook
2,32145,Jason Adam
3,32146,Marcus Semien
4,32147,Matt Barnes
5,32150,Trevor Story
6,32151,Tyler Anderson
7,32152,Bubba Starling
8,32153,Jorge Bonifacio
9,32155,C.J. Cron
10,32156,Scott Barlow
11,32157,Adrian Houser
12,32159,Brandon Nimmo
13,32160,Domingo Tapia
14,32161,Tyler Austin
15,32163,Maikel Franco
16,32167,Taylor Guerrieri
17,32168,Austin Hedges
18,32169,Cory Spangenberg
19,32170,Rougned Odor
20,32171,Kyle Crick
21,32174,Brian Goodwin
22,32175,Robbie Ray
23,32177,J.T. Realmuto
24,32178,Jake Diekman
25,32179,Jake Elmore
26,32185,Blake Treinen
27,32188,Cody Allen
28,32190,Wilfredo Tovar
29,32195,Gabriel Lino
30,4636166,Kaden Polcovich
31,32201,Phillip Evans
32,32206,Brad Miller
33,32211,Greg Garcia
34,32217,Tommy La Stella
35,32219,Michael A. Taylor
36,32238,Gerardo Concepcion
37,32251,Alfredo Marte
38,32255,John Hicks
39,32257,Steven Moya
40,32260,Michael Reed
41,32264,Yolmer Sanchez
42,32265,Roberto Perez
43,32267,Heiker Meneses
44,32269,Brandon Drury
45,32273,Jon Berti
46,32286,Danry Vasquez
47,32291,Mike Wright Jr.
48,32296,Jason William Krizan
49,32312,Leonardo Reginatto
50,32315,Junior Sosa
51,32323,Jace Peterson
52,32329,Ryan Buchter
53,32335,Willy Garcia
54,32341,Angel Luis Sanchez
55,32345,Adrian Sanchez
56,32351,Juniel Querecuto
57,32353,Rocky Gale
58,32355,Nick Ahmed
59,32362,Jackie Bradley Jr.
60,32367,Eugenio Suarez
61,4881978,Elvis Peguero
62,32375,Lisalverto Bonilla
63,32377,Hector Neris
64,4881980,Janson Junk
65,32391,Johan Yan
66,32393,Casey Medlen
67,32396,Kevin Quackenbush
68,32397,Aaron Loup
69,32410,Carlos Pimentel
70,32422,Whit Merrifield
71,32433,Noel Cuevas
72,32437,Francisco Arcia
73,32440,Caleb Thielbar
74,32443,R.J. Alaniz
75,32450,Jin-De Jhang
76,32452,Alberth Martinez
77,32455,Bo Schultz
78,32457,Tyler LaTorre
79,32470,Jose Peraza
80,32473,David Gonzalez
81,32485,Socrates Brito
82,4423332,Jeff Criswell
83,4423337,Tommy Henry
84,4423340,Jordan Nwogu
85,32496,Victor Mateo
86,32508,Tim Roberson
87,32511,Chris Devenski
88,32512,Ketel Marte
89,32515,Gioskar Amaya
90,32516,Michael Perez
91,32517,Josh Bell
92,32518,Archie Bradley
93,32521,Harold Castro
94,32524,Niko Goodrum
95,32525,Jorge Polanco
96,32530,Orlando Arcia
97,32531,Jeimer Candelario
98,32532,Willson Contreras
99,32545,Jose Briceno
100,32549,Matt Andriese
101,32558,Jorge Soler
102,32560,Alen Hanson
103,32562,Felipe Vazquez
104,32563,Dan Straily
105,32566,Will Harris
106,32569,Collin McHugh
107,32574,Yasiel Puig
108,32582,Hyun Jin Ryu
109,32583,Kyuji Fujikawa
110,32587,Steven Wright
111,32589,Hunter Strickland
112,32590,Melvin Mercedes
113,32592,Yeison Asencio
114,32596,Julio Morban
115,32597,Michael Blazek
116,32599,Carlos Contreras
117,32601,David Hale
118,32602,Aaron Northcraft
119,32603,Jose Ramirez
120,32605,Francisco Rondon
121,32606,Nik Turley
122,32607,Nate Karns
123,32618,Kevan Smith
124,32619,Wirfin Obispo
125,32620,Alex Wood
126,32621,Hector Daniel Rodriguez
127,32623,Kirby Yates
128,32627,Jonathan Arias
129,32631,Rafael Montero
130,32632,Matt Skole
131,32633,Eric Stamets
132,32636,Adam Morgan
133,32640,Michael Wacha
134,32641,Tyler Lyons
135,32646,Nick Goody
136,32649,Dayan Diaz
137,32653,Carlos Correa
138,32654,Jorge Rondon
139,32655,Byron Buxton
140,32656,Addison Russell
141,32657,Mike Zunino
142,32659,Edwin Escobar
143,32660,Deven Marrero
144,32664,Adam Duvall
145,32665,Josh Osich
146,32666,Hansel Robles
147,32667,Kevin Gausman
148,32669,Adam Conley
149,32670,Grant Dayton
150,32671,Brian Flynn
151,32672,Andrew Heaney
152,32673,Raudel Lazo
153,32675,Eduardo Rodriguez
154,32676,Beau Taylor
155,32678,Chris Colabello
156,32680,T.J. McFarland
157,32684,Joe Ross
158,4669425,Ian Seymour
159,32685,Max Fried
160,32686,Albert Almora Jr.
161,4669421,Carson Taylor
162,32689,Kyle Zimmer
163,32690,Chase Anderson
164,32691,Corey Seager
165,32693,Roberto Osuna
166,32695,Greg Bird
167,32697,Lucas Giolito
168,32698,David Dahl
169,32701,Eury De La Rosa
170,32704,Shane Greene
171,32709,Sean Nolin
172,32715,Taylor Motter
173,32721,Gio Urshela
174,32722,Christian Lopes
175,32725,Buddy Boshers
176,3964917,Ryan Weiss
177,32738,Jimmy Nelson
178,32742,Jake Lamb
179,32751,Travis Jankowski
180,32754,Andrew Albers
181,32757,Branden Kline
182,32758,Christian Walker
183,32759,Jose Rondon
184,32760,Josh Hader
185,32761,Juan Paniagua
186,32762,Ken Giles
187,32764,Lance McCullers Jr.
188,32765,Mac Williamson
189,32767,Matt Olson
190,32768,Miguel Almonte
191,32769,Mike Clevinger
192,32771,Mitch Haniger
193,32775,Orlando Calixte
194,32776,Paul Blackburn
195,32777,Pierce Johnson
196,32778,Renato Nunez
197,32779,Roman Quinn
198,32783,Tyrone Taylor
199,32785,Wyatt Mathisen
200,32787,Chris Stratton
201,32788,Tyler Naquin
202,32789,Ross Stripling
203,32796,Jacob deGrom
204,32797,Carson Kelly
205,32800,Seth Mejias-Brean
206,32801,Jose Ramirez
207,32802,Matt Wisler
208,32804,Zach Eflin
209,32807,Lucas Sims
210,32809,Mauricio Cabrera
211,32810,Andrew Chafin
212,32811,Jose Berrios
213,32812,Anthony Alford
214,32813,Chase De Jong
215,32815,Marcus Stroman
216,32817,Santiago Nessy
217,32818,Joey Gallo
218,32819,Lewis Brinson
219,32820,Nomar Mazara
220,32821,Adalberto Mondesi
221,32823,Arismendy Alcantara
222,32827,Clay Holmes
223,32830,Duane Underwood Jr.
224,32833,Jesse Winker
225,32834,Jonathan Reynoso
226,32839,Hanser Alberto
227,32842,Stephen Piscotty
228,32847,John Andreoli
229,32850,Elliot Soto
230,32851,Daniel Vogelbach
231,32856,Austin Barnes
232,32859,Kevin Pillar
233,32861,Patrick Wisdom
234,3965044,Reiss Knehr
235,32866,Charlie Tilson
236,32868,Odubel Herrera
237,32869,Ben Rowen
238,32870,Edwin Garcia
239,32873,Ryan Court
240,32888,Yimi Garcia
241,32890,Travis Shaw
242,32894,Justin Toole
243,32898,Angel Franco
244,32900,Chris Taylor
245,32903,Chris Martin
246,32918,Ali Jesus Castillo
247,4686058,Dennis Francis Brady
248,4686057,Adam Joseph Seminaris
249,32933,Mallex Smith
250,4686066,Tyler Christian Soderstrom
251,4686059,Garrett Herbert Stallings
252,32949,Mike Morin
253,32950,Gregory Polanco
254,32952,Joey Rickard
255,32956,Alex Dickerson
256,32961,Austin Nola
257,32968,Merrill Kelly
258,32970,Gabriel Quintana
259,32972,Noe Ramirez
260,32973,Brandon Workman
261,32976,Jake Hager
262,32980,Matt Reynolds
263,32985,Ildemaro Vargas
264,32986,Jairo Diaz
265,32988,Miguel Celestino
266,32990,Sugar Ray Marimon
267,32996,Jhonathan Ramos
268,33005,Aaron Barrett
269,33012,Kennys Vargas
270,33014,Chasen Shreve
271,33017,Joey Wendle
272,33018,Erik Gonzalez
273,33019,Juan Graterol
274,33029,Jeffry Antigua
275,33039,Mookie Betts
276,33040,David Martinez
277,33051,Carlten Daal
278,33057,Jerad Eickhoff
279,33065,Tomas Telis
280,33071,Robby Scott
281,33072,Ryan Pressly
282,4718970,Mick Abel
283,33076,Gonzalez Germen
284,33080,Adonis Garcia
285,33083,Burch Smith
286,33088,Jose Dominguez
287,33089,Luis Garcia
288,33090,Henry Urrutia
289,33091,Dilson Herrera
290,33095,Jose Abreu
291,33096,Alex Guerrero
292,33100,Jayson Aquino
293,33101,Raul Fernandez
294,33103,Rosell Herrera
295,33104,Joely Rodriguez
296,33105,Casey Sadler
297,33106,Steven Matz
298,33107,Jose Urena
299,33108,Jesse Hahn
300,33109,Jose Valdez
301,33117,Wei-Chung Wang
302,33120,Jake Barrett
303,33121,Drew VerHagen
304,33123,Scott Alexander
305,33124,Aaron Brooks
306,33129,Chasen Bradford
307,33130,Adam Kolarek
308,33132,Kevin Plawecki
309,33134,Lay Batista
310,33137,Ian Thomas
311,33138,Ty Blach
312,33139,Derek Law
313,33142,Tyler Heineman
314,33148,Chris Bassitt
315,33150,Masahiro Tanaka
316,33152,Roenis Elias
317,33155,Dominic Leone
318,33157,Sam Gaviglio
319,33158,Marco Gonzales
320,33161,Zach Petrick
321,4424141,Michael McGreevy
322,33165,Leonel Enrique Campos
323,33170,Nick Tropeano
324,33171,Marcus Walden
325,33172,Kris Bryant
326,33173,Kyle Hendricks
327,33175,Armando Rivero
328,33179,Peter O'Brien
329,33180,Anthony DeSclafani
330,33183,Cody Anderson
331,33184,Tim Anderson
332,33185,Christian Arroyo
333,33187,Nick Ciuffo
334,33188,Clint Frazier
335,33190,Tyler Glasnow
336,33191,Hunter Harvey
337,33192,Aaron Judge
338,33193,Rob Kaminsky
339,33194,Ben Lively
340,33195,Dawel Lugo
341,33196,Billy McKinney
342,33197,Austin Meadows
343,33198,Adalberto Mejia
344,33199,Daniel Norris
345,33200,Colin Moran
346,33202,Carl Edwards Jr.
347,33203,Jon Gray
348,33205,Hunter Renfroe
349,33206,Corey Knebel
350,33207,Bobby Wahl
351,33210,J.P. Crawford
352,33212,Daniel Robertson
353,33213,Alex Reyes
354,33215,Amed Rosario
355,33216,Braden Shipley
356,33217,Chance Sisco
357,33218,Dominic Smith
358,33219,Kohl Stewart
359,33220,Alberto Tirado
360,33221,Carlos Tocci
361,33223,Julio Urias
362,33224,Devin Williams
363,33225,Tom Murphy
364,33226,Franklin Barreto
365,33229,Victor Caratini
366,33233,Hunter Dozier
367,33234,Phillip Ervin
368,33235,Michael Feliz
369,33237,Luiz Gohara
370,33238,Severino Gonzalez
371,33240,Gabriel Guerrero
372,33241,Ronald Guzman
373,33242,Felix Jorge
374,33243,Gosuke Katoh
375,33244,Sean Manaea
376,33247,Ryan McMahon
377,33248,Francisco Mejia
378,33249,Frankie Montas
379,33250,Reese McGuire
380,33252,Michael Lorenzen
381,33256,Scott Oberg
382,33257,Dustin Garneau
383,33259,Harold Ramirez
384,33261,Rio Ruiz
385,33262,Ricardo Sanchez
386,33263,Luis Severino
387,33264,Raimel Tapia
388,33265,Lewis Thorpe
389,33266,Nick Williams
390,33267,Nick Wittgren
391,33268,Angelys Nina
392,33271,Luke Maile
393,33272,Carlos Frias
394,33273,Mayo Acosta
395,33275,Dalier Hinojosa
396,33280,Bruce Maxwell
397,33283,Sergio Alcantara
398,33284,Wes Parsons
399,33287,Kyle Farmer
400,33288,Tom Windle
401,33290,Deivy Grullon
402,33292,Dustin Peterson
403,4424269,Trevor Hauver
404,33293,Walker Lockett
405,33294,Joan Gregorio
406,33296,Oscar Hernandez
407,33297,Jose Mujica
408,33298,Jairo Labourt
409,33299,Pedro Severino
410,33300,Jefry Rodriguez
411,33301,Ryne Stanek
412,4424276,Alec Marsh
413,33303,Max Muncy
414,33304,Andrew Knapp
415,33305,Trevor Williams
416,33307,Erisbel Arruebarrena
417,4424286,Spencer Torkelson
418,33309,Dylan Covey
419,4424289,Alika Williams
420,33315,Dariel Alvarez
421,33318,Kyle Ryan
422,33319,Ryan Dull
423,33325,Chad Green
424,33331,Daniel Castro
425,33333,Ryne Harper
426,33336,Josh VanMeter
427,33337,Steve Smith
428,33339,Franmil Reyes
429,33340,Franchy Cordero
430,33341,Mike Yastrzemski
431,33345,Boone Whiting
432,33351,Trey Mancini
433,33353,Scott Schebler
434,33357,Aneury De Jesus Tavarez
435,33359,Dillon Thomas
436,33361,Stephen Shackleford
437,33362,Seth Frankoff
438,33364,Pat Valaika
439,33367,Breyvic Valera
440,33368,Sam Tuivailala
441,33372,Nick Martinez
442,33377,Teoscar Hernandez
443,33384,David Peralta
444,33386,Chi Chi Gonzalez
445,33388,Garabez Rosa
446,33389,Patrick Kivlehan
447,33390,Aledmys Diaz
448,4424246,Aaron Sabato
449,33398,Garrett Cooper
450,33403,Emilio Pagan
451,33406,Luigi Rodriguez
452,33410,Jimmie Sherfy
453,33411,Rob Refsnyder
454,33416,James Hoyt
455,33417,Jake Cave
456,33425,Dan Winkler
457,33426,James Pazos
458,33431,Marco Hernandez
459,33442,Leuris Gomez
460,33444,Joel Jimenez
461,33451,Robel Garcia
462,33452,Eric Haase
463,33453,Matt Duffy
464,33462,Rodrigo Vigil
465,33467,T.J. Rivera
466,33471,Jordy Lara
467,33476,Jon Edwards
468,33477,Spencer Patton
469,33478,Eudy Pina
470,33481,Yandy Diaz
471,33493,Giancarlo Alvarado
472,33496,Javier Betancourt
473,33497,Keone Kela
474,33499,Shawn Armstrong
475,33503,Toru Murata
476,4686505,Carter Baumler
477,33509,Zac Reininger
478,33510,Rafael Bautista
479,33513,Richard Bleier
480,33517,Elier Hernandez
481,33518,Jack Lopez
482,33519,Ramon Torres
483,33522,Humberto Arteaga
484,33526,JT Riddle
485,33532,Austin Dean
486,33546,Adam Frazier
487,33557,Sean Murphy
488,4883280,Cooper Criswell
489,33563,Ryan Weber
490,33566,Thomas Milone
491,33572,Isiah Kiner-Falefa
492,33589,Andrew Triggs
493,33591,Wil Browning
494,33594,Elias Diaz
495,33599,Manuel Margot
496,33607,Mayckol Guaipe
497,33610,Emerson Jimenez
498,33614,Trevor Gott
499,33615,Daniel Carbonell
500,33617,Odrisamer Despaigne
501,33618,Raisel Iglesias
502,33619,Drew Rucinski
503,33622,Jose Rafael De Paula
504,33627,Buck Farmer
505,33628,Alex Claudio
506,33629,Frank Garces
507,33630,Rusney Castillo
508,33632,Terrance Gore
509,33635,Dario Rafael Alvarez
510,33636,Kendall Graveman
511,33638,Danny Coulombe
512,33639,Elvis Araujo
513,33641,Matt Grace
514,33642,Nefi Ogando
515,33645,Angel Nesbitt
516,33646,Yean Carlos Gil
517,33650,Williams Perez
518,33651,Gabriel Ynoa
519,33652,Amir Garrett
520,33654,Tayron Guerrero
521,33656,Ray Black
522,33658,Shane Carle
523,33659,Wilmer Difo
524,33660,Domingo German
525,33661,Matt Ramsey
526,33662,Yasmany Tomas
527,33663,Domingo Leyba
528,33665,Jandel Gustave
529,33667,Mitch Garver
530,33668,Tyler Duffey
531,33670,Ryan O'Rourke
532,33671,Taylor Rogers
533,33674,AJ Reed
534,33675,Willy Adames
535,33677,Adrian Sampson
536,33678,Chad Wallach
537,33684,Brady Rodgers
538,33685,Matt Bowman
539,33686,Jon Velasquez
540,33689,Jung Ho Kang
541,33690,Yoan Lopez
542,33691,Joe Mantiply
543,33693,Grayson Greiner
544,33694,Omar Duran
545,33695,Tyler Olson
546,33696,Carlos Rodon
547,33698,Cam Gallagher
548,33701,Diego Agustin Goris
549,33705,Nick Gordon
550,33706,Dian Toscano
551,33707,Alex Jackson
552,33709,Aaron Nola
553,33710,Trea Turner
554,33711,Michael Conforto
555,33712,Kyle Schwarber
556,33713,Bradley Zimmer
557,33714,Aramis Garcia
558,33716,Steven Okert
559,33718,Robert Alexander Zarate
560,33721,Derek Hill
561,33722,Mitch Keller
562,33723,Yoel Mecias
563,33724,Keury Mella
564,33726,Forrest Wall
565,33727,Taylor Williams
566,33728,Nick Burdi
567,33729,Jacob Lindgren
568,33730,Chris Ellis
569,33731,Mike Mayers
570,33732,Spencer Turnbull
571,33735,Ryan Yarbrough
572,33737,Stephen Tarpley
573,33738,Brady Feigl
574,33741,Johan Camargo
575,33742,Jacob Wilson
576,33743,Miguel Andujar
577,33747,Jhoan Urena
578,33748,Blake Snell
579,33749,Dylan Cozens
580,33750,Antonio Senzatela
581,33751,Miguel Diaz
582,33753,Elniery Garcia
583,33754,Adrian Rondon
584,33755,Joe Gatto
585,33756,Sean Reid-Foley
586,33758,Stephen Gonsalves
587,33759,Josh Morgan
588,33760,Joe Jimenez
589,33761,Marcos Molina
590,33763,Michael Kopech
591,33764,Kodi Medeiros
592,33770,Luke Weaver
593,33771,Chad Pinder
594,33772,Jomar Reyes
595,33773,Foster Griffin
596,33774,Marcos Diplan
597,33775,Diego Rafael Moreno
598,33776,Brian Anderson
599,33778,Tyler Webb
600,33780,Yeyson Yrizarri
601,33781,Micker Adolfo
602,33782,Marcus Wilson
603,33783,Ozzie Albies
604,33784,Victor Alcantara
605,33785,Aristides Aquino
606,33786,Alex Verdugo
607,33788,Richard Urena
608,33789,Cole Tucker
609,33790,Touki Toussaint
610,33791,Jen-Ho Tseng
611,33793,Erick Fedde
612,33794,Derek Fisher
613,33796,J.D. Davis
614,33798,Tyler Beede
615,33799,Kyle McGowin
616,33804,Gleyber Torres
617,33805,Luis Torrens
618,33806,Trey Supak
619,33807,Roberto Baldoquin
620,33808,Isael Soto
621,33809,Edmundo Sosa
622,33811,Andrew Bellatti
623,33813,Dwight Smith Jr.
624,33814,Magneuris Sierra
625,33815,Justus Sheffield
626,33816,Scott Blewett
627,33819,Jakson Reetz
628,33820,Miguel Castro
629,33821,Ricardo Pinto
630,33822,Brett Phillips
631,33823,Michael Chavis
632,33826,Dom Nunez
633,33828,Yairo Munoz
634,33829,Zach Davies
635,33830,Amaurys Minier
636,33831,Jose De Leon
637,33832,Jorge Mateo
638,33833,Jorge Lopez
639,33835,Gilbert Lara
640,33836,Franklyn Kilome
641,33837,Jack Flaherty
642,33838,Brent Honeywell Jr.
643,33839,Kyle Freeland
644,33840,Grant Holmes
645,33841,Jeff Hoffman
646,33842,Jonah Heim
647,33843,Jarlin Garcia
648,33844,Monte Harrison
649,33845,Brian Gonzalez
650,33846,Julio Garcia
651,33847,Michael Gettys
652,33850,Nick Rumbelow
653,33851,Alex Blandino
654,33852,Dylan Floro
655,33853,Sam Travis
656,33856,Sean Newcomb
657,33857,Matt Chapman
658,33858,Bobby Bradley
659,33859,Rafael Devers
660,33860,Reynaldo Lopez
661,33862,Justin Williams
662,33863,Travis Demeritte
663,33867,Eloy Jimenez
664,33868,Martire Garcia
665,33870,Steven Brault
666,33873,Ian Miller
667,33876,Yu Chang
668,33877,Cesar Vargas
669,33878,Tyler Wade
670,33881,Luis Gonzalez
671,33882,Brian O'Grady
672,33887,Mark Zagunis
673,33889,Jantzen Connery Witte
674,33894,Marcel Prado
675,33900,Jeff McNeil
676,33904,Jesus Pirela
677,33905,Tim Lopes
678,33906,Estarlyn Morales
679,4883501,Kyle Tyler
680,33908,Gabriel Arias
681,33909,Paul Fry
682,33911,Brandon Dixon
683,33912,Cody Bellinger
684,33915,Jaron Long
685,33918,Jose Osuna
686,33919,Wendell Rijo
687,33920,Jason Martin
688,33923,Jairo Heredia
689,33926,Jose Leclerc
690,33950,Colin Rea
691,33954,Jose Siri
692,33956,Mike Tauchman
693,33960,Johan Belisario
694,33961,Zach Shepherd
695,33966,Mike Gerber
696,33970,Ryon Healy
697,33978,Kurt Spomer
698,33979,John Nogowski
699,33980,Justin Jirschele
700,33984,Yoan Moncada
701,34012,Dan Fiorito
702,34013,Steven Fuentes
703,34017,Erick Salcedo
704,4228258,Tyler Baum
705,34026,Tyler Rogers
706,4621489,Sam Bachman
707,34029,Sebastian Elizalde
708,34030,Julio Morillo
709,34031,Galvi Moscat
710,34032,Armando Araiza
711,34033,Nelson Gonzalez
712,34034,Zach Osborne
713,34035,Gianfranco Wawoe
714,34048,Roemon C. Fields
715,34049,Elvis Escobar
716,34052,Jharel Cotton
717,34058,Max Moroff
718,34060,Edwin Espinal
719,34064,Adam Engel
720,34066,José Cardona
721,34069,Chris Garia
722,4228438,Jimmy Endersby
723,34072,Tzu-Wei Lin
724,34081,Francisco Mendoza
725,34083,Tony Kemp
726,34086,Yonathan Daza
727,34087,Fernery Ozuna
728,34088,Erick Castillo
729,34089,Jacob Stallings
730,34090,Kevin Cron
731,34098,Omar Carrizales
732,34100,Diego Cedeno
733,34102,Anthony Bemboom
734,34108,Daniel Palka
735,34118,Alvaro Rondon
736,34119,Silvino Bracho
737,34136,Randy Reyes
738,34146,Nate Orf
739,4326697,Reid Detmers
740,4228397,Colin Peluse
741,4326703,Bobby Miller
742,34165,Jake Reed
743,34166,Tyler Kinley
744,34168,Tyler O'Neill
745,34170,Erick Mejia
746,34173,Kevin Garcia
747,34187,Greg Allen
748,34189,Eduard Pinto
749,34190,Rowan Wick
750,34191,Robelys Reyes
751,34192,Ivan Castillo
752,34193,Yonathan Mendoza
753,34194,Jesus Martinez
754,34197,Rayder Ascanio
755,34204,Michael Medina
756,34205,Henry Garcia
757,34206,Ricardo Marcano
758,34208,Alex Monsalve
759,34209,Ronald Bueno
760,34210,Jose Duarte
761,34221,Webster Rivas
762,34224,Yhonathan Barrios
763,34226,David Hess
764,34227,Alexander Simon
765,34230,Willi Castro
766,34232,Johnny Davis
767,34235,Jacob Rhame
768,34236,Nick Benedetto
769,34240,Jace Fry
770,34241,Junior Guerra
771,34245,Travis Edward Brewster
772,34246,Narciso Mesa
773,34252,Delvis Morales
774,34253,Deivy Castillo
775,34254,Omar Narvaez
776,34255,Blake McFarland
777,34264,Kyle Bird
778,4425127,Nick Frasso
779,34287,Rowdy Tellez
780,34290,Reydel Medina
781,34293,Fidel Pena
782,34295,Yefri Perez
783,34297,Shane McCain
784,34331,Robinson Leyer
785,34369,Mark Payton
786,4081274,T.J. Sikkema
787,34400,Brian Johnson
788,34401,Matthew Boyd
789,4081257,Tony Locey
790,4179560,Jon Heasley
791,4081256,Zac Kristofak
792,4179552,Peyton Battenfield
793,34481,Jonathan Aro
794,4081308,John Doxakis
795,4081414,Blair Henley
796,4081400,Matt Cronin
797,4081396,Evan Lee
798,34532,Taylor Cole
799,34542,Anthony Banda
800,4081463,Will Holland
801,4081461,Davis Daniel
802,4622181,Jack Leiter
803,34653,Joey Krehbiel
804,34672,DJ Johnson
805,34675,Javy Guerra
806,34678,Eduard Santos
807,34689,Ryan Cordell
808,34692,Luis Cruz
809,34693,Dustin Fowler
810,34696,Engelb Vielma
811,34697,Raudy Read
812,34698,Jose Marmolejos
813,34699,Ben Heller
814,34701,Joshua Fuentes
815,34702,Dean Green
816,34707,Max George
817,34714,Frank Schwindel
818,34719,Josh A. Smith
819,34720,Joel De La Cruz
820,34735,Hector Olivera
821,34823,Abel De Los Santos
822,34824,Zack Godley
823,34825,Casey Meisner
824,34830,Kyle Barraclough
825,34837,Luis Cessa
826,34838,Enrique Burgos
827,34839,ByungHo Park
828,34840,Yaisel Sierra
829,34841,John Gant
830,34842,Michael Fulmer
831,34844,Alfredo Gonzalez
832,34845,Juan Minaya
833,34846,David Paulino
834,34847,Jose Torres
835,34848,Joe Musgrove
836,34849,Matt Koch
837,34850,Jimmy Cordero
838,34852,Brandon Brennan
839,34853,J.B. Wendelken
840,34854,JT Chargois
841,34855,Yorman Landa
842,34857,Randy Rosario
843,34858,Williams Jerez
844,34859,Rookie Davis
845,34860,Sal Romano
846,34861,Carlos Estevez
847,34862,Matt Strahm
848,34863,Alec Mills
849,34866,Shawn Morimando
850,34868,Jacob Barnes
851,34871,Jake Faria
852,34872,Robert Gsellman
853,34873,Seth Lugo
854,34874,German Marquez
855,34875,Yohander Mendez
856,34876,Edubray Ramos
857,34877,Connor Sadzeck
858,34878,Willians Astudillo
859,34879,Andury Junior Acevedo
860,34880,Daniel Stumpf
861,34882,Joe Biagini
862,34884,Cody Reed
863,34885,Hyun Soo Kim
864,34886,Alex Bregman
865,34887,Brendan McCurry
866,34889,Kelvin Marte
867,34892,Kenta Maeda
868,34893,Seunghwan Oh
869,34894,William Cuevas
870,34895,Dansby Swanson
871,34897,Austin Gomber
872,34899,Daniel Ponce de Leon
873,34901,Aroni Nina
874,34902,Brooks Pounders
875,34905,Sam Selman
876,34906,JaCoby Jones
877,34907,Dayron Varona
878,34908,Parker Markel
879,34909,Ryan Garton
880,34913,Carson Fulmer
881,34915,Sam Coonrod
882,34919,Taylor Davis
883,34920,Felix Pena
884,34923,Taylor Ward
885,34926,Dae-Ho Lee
886,34927,James Kaprielian
887,34928,Sam Moll
888,34929,Harrison Musgrave
889,34930,Richie Martin
890,34931,Jacob Nottingham
891,34932,Miller Diaz
892,34933,Matt Carasiti
893,34934,Francisco Diaz
894,34935,Brady Lail
895,34936,Wander Suero
896,34938,Martires Arias
897,34940,Ryan Mountcastle
898,34942,DJ Stewart
899,34943,Dylan Cease
900,34944,Oscar De La Cruz
901,34945,Ian Happ
902,34946,Eddy Martinez
903,34947,Andy Ibanez
904,34949,Michael Matuella
905,34950,Dillon Tate
906,34951,Leody Taveras
907,34953,Brady Aiken
908,34954,Triston McKenzie
909,34955,Adam Plutko
910,34956,Jaime Barria
911,34957,Jake Jewell
912,34958,Jahmai Jones
913,4720854,James Beard
914,34959,Grayson Long
915,4720855,Octavio Becerra
916,34960,Yadier Alvarez
917,4720856,Brayan Bello
918,34961,Yusniel Diaz
919,4720857,Manuel Beltre
920,4720858,Nick Bitsko
921,34963,Jonathan Arauz
922,34964,Daz Cameron
923,34965,Francis Martes
924,34966,Cy Sneed
925,34967,Kyle Tucker
926,34968,Tyler White
927,34969,Corey Zangari
928,34971,Samuel McWilliams
929,34972,Alex Young
930,34973,Tyler Mahle
931,34975,Tyler Stephenson
932,34977,Thomas Eshelman
933,34978,Adonis Medina
934,34980,Kolby Allard
935,4720860,Bradley Blalock
936,34981,Joseph Odom
937,34982,Austin Riley
938,34984,Mike Soroka
939,34985,Luis Basabe
940,34986,Andrew Benintendi
941,34987,Anderson Espinoza
942,34989,Phil Bickford
943,34990,Lucius Fox
944,34991,Chase Johnson
945,4720888,Miguel Bleis
946,4720889,Brainer Bonaci
947,4720890,Raymond Burgos
948,34995,Trent Grisham
949,34997,Isan Diaz
950,34998,Nathan Kirby
951,34999,Cody Ponce
952,35001,Conner Greene
953,35002,Vladimir Guerrero Jr.
954,35004,Danny Jansen
955,35005,Justin Maese
956,35006,Wuilmer Becerra
957,35007,Luis Carpio
958,35008,Desmond Lindsay
959,35009,Paul Sewald
960,35010,Domingo Acevedo
961,35011,Wilkerman Garcia
962,4720891,Bryce Bush
963,35012,Ronald Herrera
964,4720892,Marcos Cabrera
965,35013,Jake Bauers
966,4720893,Neraldo Catalina
967,35014,Kevin Padlo
968,35015,Jaime Schultz
969,4720895,Allan Cerda
970,35016,Garrett Whitley
971,35017,Junior Fernandez
972,35019,Nick Plummer
973,35020,Ke'Bryan Hayes
974,35021,Chad Kuhl
975,35022,Kevin Newman
976,35024,Logan Allen
977,35026,Enyel De Los Santos
978,35027,Ruddy Giron
979,35030,Austin Smith
980,35031,Andrew Suarez
981,35033,Braden Bishop
982,35034,Drew Jackson
983,35035,Andrew Moore
984,4081913,Yoelqui Cespedes
985,35036,Nick Neidert
986,35038,Marten Gasparini
987,35039,Ashe Russell
988,35040,Nolan Watson
989,35041,Anderson Franco
990,35042,Victor Robles
991,35043,Andrew Stevenson
992,35044,Austin Voth
993,35046,Beau Burrows
994,35047,Christin Stewart
995,35048,Warwick Saupold
996,35049,Artie Lewicki
997,35050,Guillermo Heredia
998,35052,Yuhei Nakaushiro
999,35053,Chandler Shepherd
1000,35058,Jose Azocar
1001,35062,Harrison Bader
1002,35065,Jordan Holloway
1003,35066,Josh Naylor
1004,35067,Zeke White
1005,35073,Brendan Rodgers
1006,35076,Stevie Wilkerson
1007,35096,Daniel Mengden
1008,35097,Konner Wade
1009,35098,Ryan Carpenter
1010,35099,Luis Ysla
1011,35124,Luis Castillo
1012,35125,Donnie Hart
1013,4311413,Nick Robertson
1014,35135,Tanner Scott
1015,35142,Ramon Laureano
1016,35149,Luis Guillorme
1017,35156,David Fletcher
1018,35159,Jason Vosler
1019,35167,Luis David Liberato
1020,35170,Oscar Mercado
1021,35178,Victor Reyes
1022,35183,Ryan O'Hearn
1023,35184,Eric Yardley
1024,35185,Paul DeJong
1025,35186,Chris Gittens
1026,35188,Abiatal Avelino
1027,35201,Luke Voit
1028,35211,Johneshwy Fargas
1029,35222,Dan Altavilla
1030,35238,Willie Calhoun
1031,35241,Sandy Alcantara
1032,35242,Kean Wong
1033,35243,Richard Rodriguez
1034,35246,David Bote
1035,35247,Andrew Velazquez
1036,35248,Josh Lucas
1037,35261,Jose Valdespina
1038,35264,Dylan Unsworth
1039,35265,Austin Slater
1040,35267,Juremi Profar
1041,35268,Jose Trevino
1042,35272,Drew Warren Weeks
1043,35273,Ryan McBroom
1044,3033500,Brody Koerner
1045,35275,Jairo Beras
1046,35276,Scott Kingery
1047,35277,Taylor Clarke
1048,35279,Gray Fenter
1049,35280,Clinton Hollon
1050,35281,Ariel Jurado
1051,35282,Jacob Nix
1052,35283,Drew Finley
1053,35284,Jake Woodford
1054,35285,Wei-Chieh Huang
1055,35286,Kyle Holder
1056,35287,Juan Meza
1057,35288,Osvaldo Manuel Abreu
1058,35289,35290
1059,Chris Betts,35291
1060,Rhys Hoskins,35292
1061,Brad Keller,35294
1062,Chih-Wei Hu,35295
1063,Christopher Torres,35296
1064,Omar Estevez,35297
1065,Travis Lakins Sr.,35298
1066,Jio Orozco,35299
1067,Roy Morales,35304
1068,Mauricio Dubon,35305
1069,Ariel Miranda,35312
1070,Osmer Morales,35314
1071,Austin Wynns,3983841
1072,Cole Sands,35319
1073,Chad De La Guerra,35323
1074,Josh Ockimey,35328
1075,Pedro Payano,4311634
1076,Nick Gonzales,35358
1077,Chadwick Tromp,35383
1078,Luis Urias,35389
1079,Kevin McCarthy,35391
1080,Luke Farrell,35394
1081,Edwin Diaz,35397
1082,Jeffrey Springs,35410
1083,Dalton Kelly,35416
1084,Jamie Ritchie,3279496
1085,Lucas Gilbreath,35431
1086,Kyle Garlick,35439
1087,Pablo Reyes,35440
1088,Connor Joe,4311625
1089,Kyle Bradish,35487
1090,Bobby Poyner,35537
1091,Adolis Garcia,3033851
1092,Justin Garza,35566
1093,Luis Marte,35568
1094,Steven Duggar,35569
1095,C.J. Hinojosa,35578
1096,Cedric Mullins,35591
1097,Ty France,35673
1098,Jared Walsh,35675
1099,Yohel Pozo,35676
1100,Seth Brown,35681
1101,Stefan Crichton,35682
1102,Nathan Lukes,35687
1103,Santiago Chavez,35688
1104,Montana DuRapau,2966
1105,Luis Ortiz,35759
1106,Jose Urquidy,35760
1107,Garrett Stubbs,35761
1108,Nick Tanielu,35765
1109,Gerardo Reyes,35766
1110,Jose Manuel Fernandez,4623349
1111,Ryan Cusick,35773
1112,Tim Mayza,35779
1113,Tim Locastro,35780
1114,Adam Cimber,35783
1115,Mark Mathias,4623366
1116,Jared Shuster,35797
1117,Matt Phillip Dermody,35804
1118,Dovydas Neverauskas,35829
1119,Skye Bolt,35831
1120,Sam Hilliard,35836
1121,Reymin Guduan,35838
1122,Carlos Martinez,35840
1123,Trey Amburgey,35844
1124,Lou Trivino,35867
1125,Drew Steckenrider,35872
1126,Andrew Kittredge,35874
1127,Johendi Jiminian,35888
1128,Joe McCarthy,35902
1129,Trevor Hildenberger,35949
1130,Casey Lawrence,35970
1131,Luis Perdomo,35975
1132,Matt Ball,35983
1133,Fernando Tatis Jr.,35997
1134,Brock Stewart,35998
1135,Philip Pfeifer,35999
1136,Chris Paddack,36001
1137,Aaron Wilkerson,36002
1138,Zach Jackson,36004
1139,Jose Almonte,36006
1140,Yuli Gurriel,36011
1141,J.P. Feyereisen,36013
1142,Erik Swanson,36017
1143,Chris Shaw,36018
1144,Yordan Alvarez,36020
1145,TJ Friedl,36022
1146,Ronald Bolanos,4345076
1147,Gavin Williams,36023
1148,Brent Suter,36024
1149,Zac Grotz,3258
1150,Joe Hudson,36033
1151,Jake Brentz,36035
1152,Jonathan Holder,36036
1153,Wandy Peralta,36037
1154,Tim Tebow,36038
1155,Taylor Gushue,36039
1156,Ariel Hernandez,36040
1157,Lourdes Gurriel Jr.,36041
1158,Albert Abreu,36042
1159,Jorge Guzman,36044
1160,Jose Rosario,36045
1161,Keynan Middleton,36046
1162,Austin Adams,36047
1163,Eduardo Paredes,36048
1164,Thyago Vieira,36049
1165,Dietrich Enns,36050
1166,Giovanny Gallegos,36051
1167,Yefry Ramirez,36052
1168,Zack Littell,36053
1169,Jose Ruiz,36054
1170,Jesus Liranzo,36056
1171,Jakob Junis,36057
1172,Samir Duenez,36058
1173,Eliezer Alvarez,36059
1174,Sandy Baez,36060
1175,Fernando Romero,36061
1176,Austin Pruitt,36062
1177,Hunter Wood,36063
1178,Jose Alvarado,36064
1179,Yency Almonte,36067
1180,Chris Flexen,36068
1181,Tomas Nido,36069
1182,Reyes Moronta,36070
1183,Miguel Gomez,36071
1184,Nick Pivetta,36077
1185,Heath Fillmyer,36078
1186,Daniel Gossett,36079
1187,Max Schrock,36080
1188,Dane Dunning,36081
1189,Caleb Smith,36082
1190,Kevin Gadea,36084
1191,Anthony Santander,36085
1192,Allen Cordoba,36087
1193,Glenn Sparkman,36088
1194,Hoby Milner,36089
1195,Cionel Perez,36091
1196,Alejandro Chacin,36092
1197,Vladimir Gutierrez,36093
1198,Jimmy Herget,36095
1199,Drew Gagnon,36102
1200,Michel Baez,36107
1201,Yender Caramo,36110
1202,Jeff Brigham,4345164
1203,Max Meyer,36112
1204,Eric Skoglund,36115
1205,Tyler Eppler,36117
1206,Thomas Burrows,4721999
1207,Guillermo Zuniga,36120
1208,Victor Arano,36125
1209,Edison Frias,36126
1210,Alejandro Garcia,36131
1211,Aaron Bummer,36132
1212,Patrick Weigel,36133
1213,A.J. Minter,36136
1214,Jhondaniel Medina,36137
1215,Wynston Sawyer,36138
1216,Henry Ramos,36140
1217,Miguel Romero,4197740
1218,Matt Canterino,36143
1219,Ryan Castellani,36144
1220,Roberto Gomez,36146
1221,Jerry Vasto,36148
1222,Yermin Mercedes,36151
1223,Sam Howard,36152
1224,Jae-Gyun Hwang,36153
1225,Jack Kruger,36154
1226,Chris Rabago,36155
1227,Daniel Camarena,36157
1228,Dinelson Lamet,36158
1229,Brad Wieck,36160
1230,Chance Adams,36161
1231,Phil Maton,4722057
1232,Ryan Zeferjahn,4705673
1233,Angel Zerpa,36165
1234,Dennis Ortega,36166
1235,James Reeves,36167
1236,Ryan Sherriff,36168
1237,Matt Tomshaw,36169
1238,Dillon Peters,36170
1239,Andrew Knizner,36173
1240,Josh Taylor,36175
1241,Josh Staumont,36176
1242,Matt Thaiss,36177
1243,Michael Hermosillo,36178
1244,Josh Sborz,36179
1245,Aaron Slegers,36180
1246,Nick Senzel,36181
1247,Mickey Moniak,36182
1248,Jay Groome,36183
1249,Riley Pint,36184
1250,Blake Rutherford,36185
1251,Ronald Acuna Jr.,36186
1252,Sixto Sanchez,36187
1253,Franklin Perez,36188
1254,Kyle Lewis,36191
1255,Héctor Velazquez,36192
1256,Ryan Borucki,36194
1257,Zack Burdi,36195
1258,Zack Collins,36197
1259,Edgar Santana,36198
1260,Christian Kelley,36201
1261,A.J. Puk,36206
1262,Ty Buttrey,2952621
1263,Hirokazu Sawamura,4705678
1264,Mason Thompson,4705677
1265,Bailey Falter,4705676
1266,Helcris Olivarez,4722117
1267,William Woods,36360
1268,Hunter Owen,36361
1269,Sam Wolff,36363
1270,Scott Heineman,36364
1271,Jake Cronenworth,36365
1272,Chris Rowley,3602
1273,Bartolo Colon,36380
1274,Jordan Romano,36385
1275,Tommy Nance,36387
1276,Justin Shafer,36390
1277,Chris Smith,36409
1278,Lane Thomas,36418
1279,Jack Mayfield,36427
1280,Jason Creasy,36429
1281,Garrett Cleavinger,3686
1282,Denyi Reyes,36460
1283,Jose Fernandez,36462
1284,Josh Palacios,36463
1285,Edward Olivares,36464
1286,Colton Welker,36467
1287,Shea Spitzbarth,4345396
1288,Greg Jones,36474
1289,Eddy Alvarez,36480
1290,Nestor Cortes,36481
1291,Caleb Frare,36484
1292,Matt Wotherspoon,36485
1293,Thairo Estrada,36488
1294,Randy Arozarena,36489
1295,Austin Rei,36490
1296,Trevor Kelley,36493
1297,Ray-Patrick Elijah Didder,36497
1298,Nick Martini,36500
1299,Jake Newberry,36526
1300,Reed Garrett,36538
1301,Brandon Bailey,36543
1302,Kyle Finnegan,36581
1303,Framber Valdez,4722349
1304,Daiveyon Whittle,4722519
1305,Juan Chacon,4722520
1306,Mac Wainwright,36627
1307,Cody Sedlock,36628
1308,Jimmy Yacabonis,36629
1309,Hoy Park,36631
1310,Colten Brewer,36636
1311,Estevan Florial,36639
1312,Daniel McGrath,4345696
1313,Jacob Wallace,36645
1314,Edwin Rios,3878
1315,Adrian Beltre,4722546
1316,Jake Vogel,4345620
1317,Dillon Dingler,36723
1318,Jalen Beeks,36724
1319,Keegan Akin,36728
1320,Trent Thornton,36743
1321,Jorge Ona,36744
1322,Buddy Reed,36745
1323,Eguy Rosario,36754
1324,Jack Suwinski,4722676
1325,Jorbit Vivas,4345843
1326,Patrick Bailey,4722574
1327,Roberto Chirinos,4722599
1328,Victor Vodnik,4722602
1329,Carlos Colmenarez,36887
1330,Rogelio Armenteros,36928
1331,Austin Hays,36953
1332,Zack Short,4345879
1333,Jimmy Glowenke,4345884
1334,Burl Carraway,36969
1335,Juan Soto,4722722
1336,Eduardo Vaughan,36983
1337,DJ Peters,4313143
1338,Clayton Beeter,36994
1339,Kelvin Gutierrez,37004
1340,Matt Beaty,37005
1341,Tim Hill,4722901
1342,Abiezel Ramirez,4722891
1343,Norge Vera,4722892
1344,Luis Rijo,4722894
1345,Marco Raya,4722895
1346,Jose Ramos,4722915
1347,Dayro Perez,4722916
1348,Luis Perales,4722917
1349,Joel Peguero,4722918
1350,Naswell Paulino,4722919
1351,Jayden Murray,4722920
1352,Victor Munoz,4722911
1353,Rikelvin De Castro,4722912
1354,Aldo Ramirez,4722913
1355,Jhonny Piron,4722914
1356,Alejandro Pie,4722933
1357,Wilman Diaz,4722934
1358,Yoljeldriz Diaz,4722936
1359,Luis Mieses,4722937
1360,Javier D'Orazio,4722925
1361,Juan Morillo,4722926
1362,Jovani Moran,4722927
1363,Jhon Diaz,4722947
1364,Audry Lugo,4722948
1365,Eduardo Lopez,4722949
1366,Johan Lopez,4722950
1367,Chih-Jung Liu,4722951
1368,Brandon Lewis,4722952
1369,Denny Larrondo,4722953
1370,Blaze Jordan,4722954
1371,Ivan Johnson,4722939
1372,Luis Mey,4722940
1373,Alan Mejia,4722941
1374,Luis Matos,4722942
1375,Logan Driscoll,4722943
1376,Jose Martinez,4722944
1377,Naysbel Marcano,4722945
1378,Charles Mack,4722946
1379,Estiven Machado,37067
1380,Luis Santos,37069
1381,Jonathan Morales,37073
1382,Eric Filia,4722855
1383,Michel Triana,4722856
1384,Milan Tolentino,4722857
1385,Spencer Steer,4722858
1386,Yan Contreras,4722847
1387,Randy Vasquez,4722850
1388,Yordys Valdez,4722859
1389,Madison Santos,4722860
1390,Debby Santana,4722861
1391,Junior Sanquintin,4722862
1392,Eduardo Salazar,4722883
1393,Aneudy Cortorreal,4722885
1394,Danny De Andrade,4722889
1395,Sem Robberse,4722877
1396,Jerming Rosario,37126
1397,Anderson Miller,4722878
1398,Luis Rodriguez,4722879
1399,Nico Rodriguez,4722880
1400,Jorge Rodriguez,4313442
1401,Garrett Mitchell,4722966
1402,Osvanni Gutierrez,4722969
1403,Bryan Gonzalez,4722970
1404,Antonio Gomez,4722955
1405,Carlos Duran,4722956
1406,Angel Felipe,4722957
1407,Albert Feliz,4722958
1408,Roither Hernandez,4722959
1409,Jesus Galiz,4722960
1410,Daysbel Hernandez,4722961
1411,Austin Hendrick,4722962
1412,Petey Halpin,4722971
1413,DJ Gladney,4722972
1414,Angel Genao,4722973
1415,Carlos Garcia,37223
1416,Yacksel Rios,37224
1417,Chris Mazza,37232
1418,Donovan Walton,37237
1419,Luis Rengifo,4313412
1420,Jackson Rees,37292
1421,Shao-Ching Chiang,37298
1422,Ben Bracewell,37304
1423,Bryan Garcia,37305
1424,Josh D. Smith,4553
1425,CC Sabathia,4570
1426,Ichiro Suzuki,37338
1427,Kungkuan Giljegiljaw,4346264
1428,Zachary McCambley,37340
1429,Nolan Jones,4574
1430,Albert Pujols,37342
1431,Ka'ai Tom,37343
1432,Hudson Potts,4588
1433,Joaquin Benoit,3166693
1434,Zach Logue,4084179
1435,Graham Ashcraft,4657
1436,Juan Uribe,37496
1437,Patrick Mazeika,37498
1438,Pete Alonso,37514
1439,Max McDowell,37515
1440,Brandon Woodruff,37537
1441,Ali Sanchez,37567
1442,Anthony Misiewicz,37580
1443,Jordan Luplow,37581
1444,Jose Taveras,37582
1445,Edgar Garcia,37592
1446,Louis Head,37611
1447,Justin Anderson,37637
1448,Rene Pinto,37639
1449,Cavan Biggio,4690629
1450,Packy Naughton,3724047
1451,Adam Scott,37726
1452,Jacob Waguespack,37729
1453,Andres Gimenez,37742
1454,Yonny Hernandez,37773
1455,Taylor Trammell,37774
1456,Chris Okey,5007
1457,Victor Martinez,37776
1458,Alfredo Rodriguez,37793
1459,Seranthony Dominguez,37794
1460,Ryan Meisinger,37798
1461,LaMonte Wade Jr.,37802
1462,Brian Navarreto,37819
1463,Anderson Tejeda,37825
1464,Cole Sulser,4314013
1465,Nick Loftin,5111
1466,Fernando Rodney,37909
1467,Jordan Hicks,37911
1468,Evan Phillips,37919
1469,Seby Zavala,4297836
1470,Zach Daniels,4297835
1471,Garrett Crochet,5192
1472,Óliver Perez,37972
1473,Tyler Cyr,37974
1474,Jake Fraley,4297749
1475,Bryce Bonnin,37979
1476,Ian Gibaut,4297758
1477,Heston Kjerstad,38019
1478,Daniel Zamora,38020
1479,Tim Peterson,38029
1480,Conner Capel,38032
1481,Jordan Cowan,5301
1482,Ricardo Rodriguez,4297983
1483,Graeme Stinson,4297990
1484,Philip Clarke,38101
1485,Adonis Rosa,38102
1486,Nick Anderson,38104
1487,Phillips Valdez,38106
1488,Nicky Lopez,5339
1489,Omar Infante,4297897
1490,Emerson Hancock,5357
1491,Francisco Rodriguez,4084958
1492,Chris Murphy,38159
1493,John Curtiss,38161
1494,Jonathan Davis,38167
1495,Enderson Franco,38170
1496,Riley Ferrell,5403
1497,Adam Wainwright,38173
1498,Jordan Montgomery,38177
1499,Alex De Goti,5411
1500,Jose Reyes,4298087
1501,Joe Boyle,38199
1502,Miguel Aguilar,4019484
1503,Ryan Feltner,4297998
1504,Austin Martin,4298000
1505,Tyler Brown,4085111
1506,Caleb Freeman,4298015
1507,Tyler Keenan,38250
1508,Gabriel Moya,38291
1509,Vinny Nittoli,5527
1510,Jhonny Peralta,38295
1511,Dean Kremer,38303
1512,David Bednar,38309
1513,Will Smith,5544
1514,Miguel Cabrera,4085161
1515,Matt Frisbee,38317
1516,Luke Bard,38320
1517,Josh Rogers,38323
1518,Daniel Pinero,38341
1519,Tyler Payne,4085136
1520,Jake Agnos,38347
1521,Sam Haggerty,38348
1522,Argenis Angulo,5606
1523,Chin-Hui Tsao,38420
1524,Zach McKinstry,4298327
1525,Zach DeLoach,4298334
1526,Asa Lacy,4298336
1527,Christian Roa,38450
1528,Ryan Eades,38454
1529,Alberto Baldonado,4298378
1530,Carmen Mlodzinski,38532
1531,Trey Wingenter,4019788
1532,Brett Conine,38564
1533,Manny Barreda,38582
1534,Tanner Rainey,5842
1535,Edwin Jackson,4019957
1536,Noah Davis,38628
1537,Ryan Thompson,4298418
1538,Josh Winder,38650
1539,Dakota Bacus,5883
1540,Zack Greinke,38653
1541,Michael Beltre,5902
1542,Dioner Navarro,38670
1543,Anyelo Gomez,5904
1544,Edwin Encarnacion,5906
1545,Jorge De La Rosa,38680
1546,Dakota Hudson,4298587
1547,Tanner Burns,5917
1548,Scott Kazmir,5921
1549,Jeff Mathis,4298594
1550,Edouard Julien,4020015
1551,Willie MacIver,38706
1552,Jose Castillo,5943
1553,Andres Blanco,38712
1554,Keinner Pina,38716
1555,Corey Ray,4298516
1556,Freddy Zamora,5986
1557,Yadier Molina,38796
1558,Justin Topa,3332018
1559,Tylor Megill,38827
1560,Keibert Ruiz,6060
1561,Santiago Casilla,38828
1562,Kevin Maitan,38829
1563,Matt Blandino,38830
1564,Lazaro Robersy Armenteros,38851
1565,Jose Fermin,38859
1566,Shed Long Jr.,4298639
1567,Justin Foscue,4298641
1568,Jordan Westburg,6125
1569,Curtis Granderson,6128
1570,Rene Rivera,38896
1571,Mike Ford,38898
1572,Jake Fishman,38904
1573,Bo Bichette,38905
1574,Miguel Amaya,4315215
1575,C.J. Van Eyk,6188
1576,Kendrys Morales,38958
1577,Tony Gonsolin,38961
1578,Stevie Berman,6194
1579,Felix Hernandez,6195
1580,Hanley Ramirez,6197
1581,Ian Kinsler,6204
1582,Robinson Cano,6205
1583,Shin-Soo Choo,6209
1584,Chien-Ming Wang,38978
1585,Evan Miller,6211
1586,Francisco Liriano,38980
1587,Bryan Reynolds,6216
1588,Cole Hamels,6219
1589,Zach Duke,39009
1590,Ryan Hendrix,6242
1591,Nelson Cruz,4315203
1592,Shane Drohan,6280
1593,Ervin Santana,6285
1594,Brayan Pena,6309
1595,Brian McCann,39078
1596,Austin Davis,39085
1597,John Brebbia,6321
1598,Rich Hill,39103
1599,Diego Castillo,39105
1600,Myles Straw,6341
1601,Justin Verlander,39112
1602,Vimael Machin,6347
1603,Melky Cabrera,6352
1604,Jason Vargas,6356
1605,Roberto Hernandez,4888739
1606,Brandyn Sittinger,39136
1607,P.J. Higgins,39142
1608,Jose Quijada,39147
1609,Ryan McKenna,6389
1610,Ryan Zimmerman,6390
1611,Russell Martin,6393
1612,Dustin Pedroia,39165
1613,Alexander Guillen,39168
1614,Wes Benjamin,6401
1615,Edinson Volquez,6408
1616,Franklin Gutierrez,39197
1617,B.J. Lopez,6455
1618,Cameron Maybin,39224
1619,Andrew Young,39226
1620,Dylan Carlson,39227
1621,Brian O'Keefe,6470
1622,Yusmeiro Petit,6472
1623,Anibal Sanchez,6478
1624,Nick Markakis,39251
1625,Walker Buehler,39255
1626,Carlos Rincon,6500
1627,Peter Moylan,6513
1628,Martin Prado,6522
1629,Erick Aybar,6524
1630,Howie Kendrick,4872657
1631,Benny Montgomery,4872681
1632,Brady House,4872682
1633,Harry Ford,4872693
1634,Maddux Bruns,4872694
1635,Jay Allen,4872691
1636,Jackson Merrill,4872692
1637,Carson Williams,4872697
1638,Cooper Kinney,4872698
1639,Noah Miller,4872695
1640,Joe Mack,4872685
1641,Colson Montgomery,4872686
1642,4872683,Andrew Painter
1643,4872684,Kahlil Watson
1644,4872687,Chase Petty
1645,39382,Bobby Dalbec
1646,39385,Chad Sobotka
1647,39386,Malquin Canelo
1648,4413868,Cole Wilcox
1649,39420,Osvaldo Duarte
1650,39421,Taylor Jones
1651,4872649,Jordan Lawlar
1652,4872650,Frankie Mozzicato
1653,4872647,Jackson Jobe
1654,4872648,Marcelo Mayer
1655,39434,Daulton Jefferies
1656,39437,Mitch White
1657,39527,Kent Emanuel
1658,39530,Ryan Boldt
1659,39531,Roldani Baldwin
1660,4414002,J.T. Ginn
1661,4414019,Colby White
1662,39572,Luis Arraez
1663,39574,David Rodriguez
1664,39577,Drew Ferguson
1665,39580,Henry Martinez
1666,39593,Gerson Moreno
1667,4414183,Tyler Black
1668,39608,Tyler Nevin
1669,39618,Brennon Lund
1670,39624,Mario Feliciano
1671,39631,Luis Robert
1672,39635,Hunter Greene
1673,39636,MacKenzie Gore
1674,39637,Austin Beck
1675,39639,Shane Baz
1676,39640,Trevor Rogers
1677,39641,Nick Pratto
1678,39642,Heliot Ramos
1679,39644,Bubba Thompson
1680,39645,Brendon Little
1681,39646,Nate Pearson
1682,39647,Chris Seise
1683,39648,Jeter Downs
1684,39649,Tristen Lutz
1685,39652,Kyle Wright
1686,39663,Paul Campbell
1687,39666,Sheldon Neuse
1688,39667,Jesus Luzardo
1689,39671,Pablo Lopez
1690,39674,Garrett Whitlock
1691,39677,Kristian Robinson
1692,39679,Huascar Ynoa
1693,39680,Esteury Ruiz
1694,39681,Shaun Anderson
1695,39682,Gregory Santos
1696,39684,JD Hammer
1697,39685,Drew Smith
1698,39687,Merandy Gonzalez
1699,4414154,Gunnar Hoglund
1700,39688,Troy Scribner
1701,39706,Isaac Paredes
1702,39707,Stephen Nogosek
1703,39708,Gerson Bautista
1704,39709,Thomas Pannone
1705,39710,Samad Taylor
1706,39711,Tayler Scott
1707,39712,Oneil Cruz
1708,39715,Luis Madero
1709,39716,Tobias Myers
1710,39717,A.J. Alexy
1711,39738,Ryan Burr
1712,39740,Pedro Avila
1713,39776,Andres Machado
1714,39777,Carlos Ramirez
1715,39779,Eric Hanhold
1716,4414247,Bailey Horn
1717,39798,Miguel Del Pozo
1718,39799,Reiver Sanmartin
1719,39800,Derian Gonzalez
1720,39801,Dennis Santana
1721,39802,Adbert Alzolay
1722,39803,Eduardo Jimenez
1723,39804,Gregory Soto
1724,39806,Jesus Reyes
1725,39807,Jonathan Loaisiga
1726,39808,Tyler Bashlor
1727,39809,Corey Oswalt
1728,39810,Meibrys Viloria
1729,39813,Dario Agrazal
1730,39814,Jonathan Hernandez
1731,39815,Brett Martin
1732,39816,Julian Merryweather
1733,39817,Ranger Suarez
1734,39819,Juan Then
1735,39820,Luis Escobar
1736,39822,Jesus Tinoco
1737,39823,Yonny Chirinos
1738,39824,Joe Palumbo
1739,39825,Freddy Peralta
1740,39828,David Banuelos
1741,39831,Robert Dugger
1742,39832,Shohei Ohtani
1743,39834,Jose Devers
1744,39835,Julian Fernandez
1745,39836,Elieser Hernandez
1746,39838,Pedro Araujo
1747,39842,Yoshihisa Hirano
1748,39843,Mitch Walding
1749,39848,Cam Hill
1750,39849,Kazuhisa Makita
1751,39850,Nick Dini
1752,39856,Richard Lovelady
1753,39866,Esteban Quiroz
1754,39868,Brandon Leibrandt
1755,39869,Cole Irvin
1756,39870,Austin Allen
1757,39871,Matt Festa
1758,39873,Ljay Newsome
1759,39874,Art Warren
1760,39875,Cal Quantrill
1761,39876,Joey Lucchesi
1762,39877,Adonis Uceta
1763,39878,Corbin Burnes
1764,39879,Keston Hiura
1765,39882,Jake Burger
1766,39885,Yeudy Garcia
1767,39886,Alex McRae
1768,4414347,Ty Madden
1769,39887,Kevin Kramer
1770,39889,Thomas Hatch
1771,39890,Jordan Yamamoto
1772,39895,William Contreras
1773,39896,Josh Graham
1774,4414361,Cole Henry
1775,39897,Cristian Pache
1776,39898,Peter Lambert
1777,39899,Garrett Hampson
1778,39900,Jake Rogers
1779,39901,Alex Faedo
1780,39902,Cody Carroll
1781,39903,Raynel Espinal
1782,39904,Nick Solak
1783,39905,Taylor Widener
1784,39907,Tommy Edman
1785,39909,Ryan Helsley
1786,39910,Zac Gallen
1787,39912,Trevor Richards
1788,39913,Brett Sullivan
1789,39915,Eric Lauer
1790,39916,D.J. Snelten
1791,39918,Tristan Gray
1792,39921,Lewin Diaz
1793,39924,Santiago Espinal
1794,4905902,Logan Cerny
1795,4905900,Jose Butto
1796,39927,Jhon Nunez
1797,4905904,Eddys Leonard
1798,39932,Anthony Castro
1799,4905923,Ronny Henriquez
1800,39934,Zach Green
1801,4905924,Jorge Juan
1802,39936,Kyle Hart
1803,39945,Brock Burke
1804,4905919,Ezequiel Tovar
1805,4414542,Tanner Morris
1806,39948,John Means
1807,39949,John Schreiber
1808,39953,Mickey Jannis
1809,39957,Jesus Sanchez
1810,39961,Brandon Lowe
1811,39963,Eli White
1812,39969,Brian Howard
1813,39986,Troy Stokes Jr.
1814,40001,Dusten Knight
1815,40021,Joel Payamps
1816,40039,Jordan Weems
1817,40051,Scott Manea
1818,40080,Trevor Megill
1819,40086,Connor Wong
1820,4299997,Avery Weems
1821,4414687,Trey Sweeney
1822,4414710,Alerick Soularie
1823,40255,Will Toffey
1824,40293,Quintin Torres-Costa
1825,40319,Jacob Robson
1826,40321,Kyle Funkhouser
1827,40324,Seth Elledge
1828,40325,Bryan Bonnell
1829,40326,Evan White
1830,40327,Gabe Speier
1831,40336,Nolan Long
1832,40338,Nick Allen
1833,40342,Jeisson Rosario
1834,40344,40346
1835,Stuart Fairchild,40351
1836,Daniel Johnson,40357
1837,James Norwood,40360
1838,Tyler Alexander,40362
1839,Tanner Anderson,40363
1840,Riley Smith,40364
1841,Colin Poche,40371
1842,Lorenzo Quintana,40372
1843,Michael Papierski,40378
1844,Ronaldo Hernandez,40382
1845,Trevor Lane,40384
1846,Jacob Webb,40391
1847,Darren McCaughan,40393
1848,Danny Mendick,40419
1849,Yunior Marte,40421
1850,J.C. Mejia,40422
1851,Luke Raley,40423
1852,Gavin Lux,40424
1853,Greg Deichmann,40426
1854,Raymond Kerr,40427
1855,Travis Blankenhorn,40429
1856,Michael King,40431
1857,Cristian Santana,40434
1858,Arden Pabst,40436
1859,Wyatt Mills,40440
1860,Locke St. John,40446
1861,Carter Kieboom,40447
1862,Joe Harvey,40450
1863,Joe Dunand,40456
1864,JoJo Romero,40459
1865,40460,Yasel Antuna
1866,40462,Vidal Brujan
1867,40466,Luke Williams
1868,40468,Connor Jones
1869,40474,Jake Noll
1870,40475,Sterling Sharp
1871,40477,Tres Barrera
1872,40481,Tirso Ornelas
1873,40485,Brenan Hanifee
1874,40489,Jesus Cruz
1875,40495,Donny Sands
1876,40496,Ramon Santos
1877,40498,40499
1878,Ronnie Dawson,40502
1879,Darwinzon Hernandez,40503
1880,Alexander Wells,40504
1881,Trent Giambrone,40505
1882,Delvin Perez,40510
1883,Tyler Johnson,40514
1884,Zach Remillard,40518
1885,Ryan Noda,40519
1886,Emmanuel Rivera,40520
1887,Nick Heath,40521
1888,Luis Campusano,40523
1889,Dalbert Siri,40525
1890,Will Craig,40526
1891,Cameron Bishop,40527
1892,Matt Blackham,40532
1893,Jared Oliva,40533
1894,Mike Brosseau,40537
1895,Zac Lowther,40538
1896,Nathaniel Lowe,40543
1897,Mike Baumann,4152950
1898,Erik Miller,40547
1899,Cody Thomas,40548
1900,Ben Braymer,40551
1901,Jay Flaa,40557
1902,Josh Lowe,40559
1903,Tyler Gilbert,40564
1904,Ryan Dorow,40565
1905,Matt Whatley,40572
1906,Alan Trejo,40574
1907,Chas McCormick,40576
1908,Taylor Walls,40577
1909,Rodolfo Duran,40593
1910,Dylan Moore,40597
1911,Rylan Bannon,40599
1912,Brian Miller,40600
1913,Jose Rojas,40608
1914,40610,Ramon Urias
1915,40611,Kramer Robertson
1916,40614,Caleb Hamilton
1917,40618,Julio Rodriguez
1918,40622,Scott Effross
1919,40626,Luis Gil
1920,40634,Akil Baddoo
1921,40635,Royce Lewis
1922,40636,Alex Kirilloff
1923,40655,Riley Adams
1924,40657,Khalil Lee
1925,40664,Donovan Casey
1926,40676,Gabriel Cancel
1927,40686,Lolo Sanchez
1928,40693,Travis Radke
1929,40700,Gavin Sheets
1930,40702,Jhonny Pereda
1931,40706,Matt Foster
1932,40709,Kyle Keller
1933,40715,James Karinchak
1934,40717,Gavin Collins
1935,40718,Josh Rojas
1936,40719,Jake Meyers
1937,40735,Ian McKinney
1938,40747,Mike Shawaryn
1939,40754,Abraham Toro
1940,40758,Darius Valdez
1941,40760,Carlos Perez
1942,40761,Zach Thompson
1943,40767,Pavin Smith
1944,40769,Drew Ellis
1945,40787,Bryan De La Cruz
1946,40797,Carlos Navas
1947,40798,Sam Huff
1948,40803,Brandon Marsh
1949,40806,Phoenix Sanders
1950,40807,Hunter Schryver
1951,40810,Jonathan Aranda
1952,4415278,Nelson Alvarez
1953,40815,Kirby Snead
1954,40816,Rafael Marchan
1955,40822,Yadiel Hernandez
1956,40835,Oswaldo Cabrera
1957,40840,Jonathan Guzman
1958,40842,Austin Warner
1959,40844,Freudis Nova
1960,40845,Ty Tice
1961,40851,Jose Herrera
1962,40854,Jo Adell
1963,40855,Joel Kuhnel
1964,40861,Simon Muzziotti
1965,40865,Geoff Hartlieb
1966,40869,Ben Rortvedt
1967,40870,Cody Stashak
1968,40876,Sam Delaplane
1969,40884,Bryan Baker
1970,4218871,Carson Ragsdale
1971,40896,Ji-Hwan Bae
1972,40900,Miles Mastrobuoni
1973,40905,Julio Pablo Martinez
1974,40912,Shane Bieber
1975,40913,Dereck Rodriguez
1976,40915,Forrest Whitley
1977,40916,Ian Anderson
1978,40917,Adrian Morejon
1979,40918,Jon Duplantier
1980,40919,J.B. Bukauskas
1981,40920,Matt Manning
1982,40921,David Peterson
1983,40922,Bryse Wilson
1984,40923,Freicer Perez
1985,40924,Aramis Ademan
1986,40925,Chris Rodriguez
1987,40926,Brent Rooker
1988,40927,Joey Wentz
1989,40928,Wander Javier
1990,40929,Wander Franco
1991,40930,Jake Romanski
1992,40931,Jhailyn Ortiz
1993,40932,Jake Thompson
1994,40933,Leonardo Rodriguez
1995,40934,Aaron Civale
1996,40935,Sam Carlson
1997,40936,Tucupita Marcano
1998,40937,Dustin May
1999,40938,Conner Uselton
2000,40939,Andres Munoz
2001,40941,T.J. Zeuch
2002,40942,Alvaro Seijas
2003,40943,Jerryell Rivera
2004,40944,Edward Cabrera
2005,40945,Matt Tabor
2006,40946,Alex Speas
2007,40947,Anthony Kay
2008,40948,MJ Melendez
2009,40949,Luis Medina
2010,40950,Tony Santillan
2011,40951,Jose Barrero
2012,40952,Nathan Perry
2013,40954,James Nelson
2014,40955,Pablo Olivares
2015,40956,Greifer Andrade
2016,40957,Wil Crowe
2017,40958,Tyler Freeman
2018,40959,Eric Pardinho
2019,40960,Ryan Vilade
2020,40961,Alex Scherff
2021,40962,C.J. Chatham
2022,40963,Daulton Varsho
2023,40964,Yeiler Peguero
2024,40965,Brusdar Graterol
2025,40966,Cole Brannen
2026,40967,Roansy Contreras
2027,40968,Travis MacGregor
2028,40969,Logan Warmoth
2029,40970,Christian James
2030,40971,Braxton Garrett
2031,40972,Thomas Szapucki
2032,40973,Jose Soriano
2033,40974,Stiward Aquino
2034,40975,Patrick Sandoval
2035,4710478,Jose Corniell
2036,40976,Alex Lange
2037,40977,Imani Abdullah
2038,40978,Ronny Mauricio
2039,40979,Melvin Adon
2040,40980,Taylor Hearn
2041,40981,Jose Suarez
2042,40982,Will Gaddis
2043,40983,Harol Gonzalez
2044,40984,Jose Paulino
2045,40985,Morgan Cooper
2046,40986,Wennington Romero
2047,40988,Livan Soto
2048,40989,Seuly Matias
2049,40990,Jose Albertos
2050,40991,Steven Jennings
2051,40992,Justin Dunn
2052,40993,Gabriel Maciel
2053,40994,Garrett Cave
2054,40995,Jackson Tetreault
2055,40996,Michael Rucker
2056,40997,Jordan Sheffield
2057,40998,Breiling Eusebio
2058,40999,Michael Mercado
2059,41000,Jose Miranda
2060,41001,Jeison Guzman
2061,41002,Danny Diaz
2062,41003,Trevor Stephan
2063,41004,Maximo Castillo
2064,41005,Jacob Heatherly
2065,41006,Nick Raquet
2066,41007,Bryan Mata
2067,41008,Seth Romero
2068,41009,Tanner Houck
2069,41010,Brendan McKay
2070,41011,Jordan Humphreys
2071,41012,Adam Hall
2072,41013,Dakota Chalmers
2073,41014,Jeremiah Estrada
2074,41015,Sam McMillan
2075,41016,Pearson McMahan
2076,41017,Caleb Ferguson
2077,41018,DL Hall
2078,41019,Joan Martinez
2079,41020,Reggie Lawson
2080,41021,Kyle Cody
2081,41022,Justin Steele
2082,41023,Derian Cruz
2083,41025,Landon Leach
2084,41026,Juan Querecuto
2085,41029,Corbin Martin
2086,41030,George Valera
2087,41031,Jorge Alcala
2088,41032,Hans Crouse
2089,41033,Austin Franklin
2090,41034,Mark Vientos
2091,41036,Starling Heredia
2092,41037,Eduardo Diaz
2093,41038,Blayne Enlow
2094,41039,Luis Reyes
2095,41040,Nick Duron
2096,41041,Kyle Muller
2097,41042,Matt Sauer
2098,41043,Seth Corry
2099,41044,41045
2100,Braeden Ogle,41046
2101,Jol Concepcion,41047
2102,Nelson Velazquez,41048
2103,Elieser Medrano,41050
2104,Andy Yerzy,41051
2105,Daniel Montano,41053
2106,Erling Moreno,41054
2107,Cole Ragans,41055
2108,Luis De Los Santos,41056
2109,Nick Kennedy,4300831
2110,Brendan Cellucci,41057
2111,Francisco Morales,41058
2112,James Marinan,41059
2113,Drew Strotman,41060
2114,Gabe Klobosits,41061
2115,Genesis Cabrera,41062
2116,Tomas Alastre,41063
2117,Dermis Garcia,41064
2118,Aaron Whitefield,41065
2119,Griffin Canning,41066
2120,Jairo Solis,41067
2121,Jose Sanchez,41068
2122,Cal Mitchell,41069
2123,Tucker Davidson,41070
2124,Hector Perez,41071
2125,Lachlan Wells,41072
2126,Spencer Howard,41073
2127,Freddy Tarnok,41074
2128,Gilberto Celestino,41075
2129,Hagen Danner,41076
2130,Drew Waters,41077
2131,Sherten Apostel,41078
2132,Arquimedes Gamboa,41079
2133,Wadye Ynfante,41080
2134,Jonatan Machado,41081
2135,Resly Linares,41082
2136,Adam Haseley,41083
2137,Andrew Bechtold,41084
2138,Garrett Williams,41085
2139,Clarke Schmidt,41086
2140,Keegan Thompson,41087
2141,Quinn Brodey,41089
2142,Elvis Luciano,41099
2143,Terrin Vavra,41102
2144,Jason Bahr,41103
2145,Zach Pop,41105
2146,Jacob Condra-Bogan,41109
2147,Jhoan Duran,41112
2148,Roel Ramirez,41113
2149,Kyle Dowdy,41114
2150,Tommy Eveld,41115
2151,Jhon Romero,41118
2152,Bruce Zimmermann,41120
2153,Devin Smeltzer,41123
2154,Alexander Ovalles,41124
2155,Felix Paulino,41125
2156,Drew Anderson,41127
2157,Ian Hamilton,41128
2158,Josh James,41129
2159,Andrew Vasquez,41130
2160,Austen Williams,41132
2161,Matt Hall,41134
2162,Victor Mesa,41136
2163,Michael Plassmeyer,41138
2164,Tahnaj Thomas,41140
2165,James Bourque,41145
2166,Bo Takahashi,41146
2167,Emilio Vargas,41147
2168,Yennsy Diaz,41148
2169,Patrick Murphy,41150
2170,Jarred Kelenic,41151
2171,Travis Bergen,41157
2172,Wilson Garcia,41165
2173,Josiah Gray,41167
2174,Casey Mize,41168
2175,Joey Bart,41169
2176,Alec Bohm,41170
2177,Nick Madrigal,41171
2178,Jonathan India,41172
2179,Brady Singer,41173
2180,Matthew Liberatore,41174
2181,Nolan Gorman,41175
2182,Travis Swaggerty,41176
2183,Luis Patino,41177
2184,Cole Winn,41178
2185,Ryan Weathers,41179
2186,Brice Turang,41180
2187,Triston Casas,41181
2188,Ethan Hankins,41182
2189,Brailyn Marquez,41183
2190,Bo Naylor,41184
2191,Jackson Kowar,41185
2192,Kyler Murray,41187
2193,Owen Miller,41188
2194,Mason Denaburg,41189
2195,Santiago Florez,41190
2196,Jordan Balazovic,41191
2197,Connor Scott,41192
2198,Yeison Coca,41193
2199,Hector Yan,41194
2200,Anthony Seigler,41195
2201,Tim Cate,41196
2202,Grayson Rodriguez,41197
2203,Jake McCarthy,41198
2204,Marco Luciano,41199
2205,Shane McClanahan,41200
2206,Jordyn Adams,41201
2207,Kris Bubic,41202
2208,Cadyn Grenier,41203
2209,Lenny Torres,41204
2210,Joe Gray,41205
2211,Trevor Larnach,41206
2212,Sean Hjelle,41207
2213,Luis Oviedo,41208
2214,Bryan Abreu,41209
2215,Mike Siani,41210
2216,Josh Stowers,41211
2217,Gage Canning,41212
2218,Griffin Roberts,41213
2219,Blaine Knight,41214
2220,Payton Henry,41215
2221,Alek Thomas,41216
2222,Logan Webb,41217
2223,Brayan Rocchio,41218
2224,Deivi Garcia,41219
2225,Nico Hoerner,41220
2226,Ryan Rolison,41221
2227,Logan Gilbert,41222
2228,Elehuris Montero,41223
2229,Parker Meadows,41224
2230,Seth Beer,41225
2231,Sam Hentges,41226
2232,Grant Lavigne,41227
2233,Daniel Lynch,41228
2234,Will Banfield,41229
2235,Zack Brown,41230
2236,Jameson Hannah,41231
2237,Jeremy Eierman,41233
2238,Carlos Hernandez,41234
2239,Diego Cartaya,41235
2240,Adrian Hernandez,41236
2241,Ofreidy Gomez,41238
2242,Steele Walker,41239
2243,Alexander Canario,41240
2244,Durbin Feltman,41241
2245,Alex Mckenna,41242
2246,Michael Grove,41243
2247,Tommy Doyle,41244
2248,Owen White,41245
2249,Jared Solomon,41246
2250,Adam Kloffenstein,41247
2251,Tyler Phillips,41248
2252,Nick Decker,41250
2253,Robert Neustrom,41251
2254,Luis Barrera,41252
2255,Everson Pereira,41253
2256,Francisco Alvarez,41254
2257,Dominic Miroglio,41255
2258,Marcos Gonzalez,41256
2259,Antoni Flores,4301159
2260,Eric Yang,41257
2261,41259,Jorge Barrosa
2262,4415854,Hudson Haskin
2263,41260,Brandon Bielak
2264,41261,Cristian Javier
2265,41263,Kyle Isbel
2266,41264,Jeremiah Jackson
2267,41265,Osiris Johnson
2268,41267,Yerry Rodriguez
2269,41269,Josh Breaux
2270,41270,Scott Moss
2271,41272,Shervyen Newton
2272,41273,Jeremy Pena
2273,41274,Miguel Hiraldo
2274,41275,Greyson Jenista
2275,41277,Kutter Crawford
2276,41278,Cole Roederer
2277,41279,Jonathan Stiever
2278,41280,Aaron Bracho
2279,41281,Brandon Howlett
2280,41282,Braxton Ashcraft
2281,41283,Austin Cox
2282,41284,Nick Maton
2283,41286,Bret Boswell
2284,41287,Ernie Clement
2285,41289,Ben Bowden
2286,41290,Jake Irvin
2287,41291,Raynel Delgado
2288,41292,Cal Raleigh
2289,41293,Brennen Davis
2290,41294,Freddy Valdez
2291,41295,Griffin Conine
2292,4415762,Kyle Nicolas
2293,41296,Matt Peacock
2294,41297,Domingo Robles
2295,41299,Frank German
2296,41300,Robinson Ortiz
2297,41301,Jonathan Willems
2298,41302,Jordan Groshans
2299,41303,Eduardo Garcia
2300,41304,Osiel Rodriguez
2301,41305,Gabriel Rodriguez
2302,41306,Orelvis Martinez
2303,41307,Noelvi Marte
2304,41308,Edwin Uceta
2305,41309,Tristan Beck
2306,41310,Justin Lawrence
2307,41311,Kody Clemens
2308,41312,Ryder Green
2309,41313,Luken Baker
2310,41315,Nick Schnell
2311,41316,Trey Riley
2312,41318,Braydon Fisher
2313,41319,Nick Nelson
2314,41320,Nicholas Northcut
2315,41321,Jayson Schroeder
2316,41322,Luis Pena
2317,41323,Gregory Guerrero
2318,41324,Eli Morgan
2319,41325,Aaron Ashby
2320,41326,Xavier Edwards
2321,41327,Reid Schaller
2322,41328,Cory Abbott
2323,41329,Konnor Pilkington
2324,41330,John Rooney
2325,41333,Lyon Richardson
2326,41334,Daniel Tillo
2327,41336,Carlos Herrera
2328,41337,Camilo Doval
2329,41338,Levi Kelly
2330,41339,Jonathan Ornelas
2331,41340,Richard Gallardo
2332,41342,D'Shawn Knowles
2333,41343,Tyler Frank
2334,41344,Jonathan Bowlan
2335,41345,Blaze Charles Alexander
2336,41346,Grant Little
2337,41347,Larry Ernesto
2338,41348,Steven Michael Gingery
2339,41350,Stanley Consuegra
2340,41351,Brandon Waddell
2341,41355,Geraldo Perdomo
2342,41356,Justin Jarvis
2343,41357,Gerardo Carrillo
2344,41359,Richard Palacios
2345,41360,Luis Santana
2346,41361,Janser Lara
2347,41363,Blake Rivera
2348,41364,Hogan Harris
2349,41365,Micah Bello
2350,41366,Jake Wong
2351,41367,Connor Seabold
2352,41369,Kyle Dohy
2353,41370,Trent Deveaux
2354,41371,Yerdel Vargas
2355,41372,Yefri Del Rosario
2356,41373,Yunior Severino
2357,41374,Evan Mendoza
2358,41375,Joey Gerber
2359,41376,Joe Perez
2360,4448736,Lars Nootbaar
2361,41378,Brewer Hicklen
2362,41379,Israel Abrahan Pineda
2363,41380,Eduarqui Fernandez
2364,41381,Mason Martin
2365,41382,Rico Garcia
2366,41383,Simeon Woods Richardson
2367,41385,Nick Sandlin
2368,41386,Mason Alexander Englert
2369,41387,Jackson Goddard
2370,41388,Mariel Bautista
2371,41389,Jimmy Lambert
2372,41390,Sean Wymer
2373,41392,Jhonathan Diaz
2374,41393,Dylan Coleman
2375,41394,Dominic Pipkin
2376,41395,Marcos Brito
2377,41396,Antonio Cabello
2378,41397,Leonardo Jimenez
2379,41398,Ronny Brito
2380,41399,Peter Solomon
2381,41400,Carlos Rodriguez
2382,41401,Jasseel De La Cruz
2383,41402,Bernardo Flores Jr.
2384,41403,Matt Mercer
2385,41404,Parker Dunshee
2386,41405,Johan Oviedo
2387,41407,Cody Bolton
2388,41408,Kingston Liniak
2389,41409,Glenn Otto
2390,41410,Tyler Ivey
2391,41412,William English
2392,41414,Sandy Gaston
2393,41415,Yusei Kikuchi
2394,41421,Nabil Crismatt
2395,41422,David McKay
2396,41427,Daniel Woodrow
2397,41428,Austin Listi
2398,41429,Phillip Diehl
2399,41430,Akeem Bostick
2400,41431,Ryan Hartman
2401,41432,Kevin Ginkel
2402,41433,Jazz Chisholm Jr.
2403,41434,CJ Alexander
2404,41438,41439
2405,Conner Menez,41441
2406,Brian Serven,41442
2407,Evan Kruczynski,41443
2408,Jose Godoy,41445
2409,Arnaldo Hernandez,41446
2410,Jake Kalish,41447
2411,Sebastian Rivero,41448
2412,Angel Perdomo,41449
2413,Miguel Sanchez,41451
2414,Nick Margevicius,41455
2415,Dylan Lee,41457
2416,Blake Weiman,41458
2417,Jason Delay,41460
2418,JT Brubaker,41462
2419,Slade Cecconi,41480
2420,Drew Carlton,41499
2421,Danny Dopico,41508
2422,Moises Gomez,41509
2423,Riley O'Brien,41515
2424,Connor Brogdon,41516
2425,Ben Brown,41518
2426,Wladimir Pinto,41523
2427,Enoli Paredes,41524
2428,Jeremy Walker,41525
2429,Kit Scheetz,41527
2430,Ralph Garza Jr.,41530
2431,Daniel Alvarez,41531
2432,Justin Dean,41532
2433,Rodolfo Castro,41535
2434,Orlando Martinez,41540
2435,Harrison Wenson,41552
2436,Gus Varland,3973761
2437,Jason Bilous,41562
2438,Kevin Smith,41564
2439,Mauricio Llovera,41566
2440,Brock Deatherage,41567
2441,Spenser Watkins,41574
2442,Andy Weber,41586
2443,Wenceel Perez,41587
2444,Ryan Jeffers,41606
2445,Will Vest,41609
2446,Trey Harris,41610
2447,Jarren Duran,3728070
2448,Caleb Baragar,41619
2449,Scott Hurst,41627
2450,Jaylin Davis,41635
2451,Chavez Young,41636
2452,Matt Vierling,41652
2453,Tyler Zombro,41665
2454,Curtis Terry,41674
2455,Nick Fortes,41676
2456,Nick Meyer,41684
2457,Lenyn Sosa,41688
2458,Addison Russ,41692
2459,Reggie McClain,41693
2460,Alfonso Rivas,41708
2461,Cullen Large,41722
2462,Heath Holder,41729
2463,Leonel Valera,41738
2464,Abrahan Gutierrez,41740
2465,Cody Wilson,41741
2466,Joe Barlow,41742
2467,Demarcus Evans,41743
2468,Emmanuel Clase,41745
2469,Ricardo Genoves,41762
2470,Carlos Sanabria,41763
2471,John King,41764
2472,Jhon Torres,41773
2473,Brendan Donovan,41774
2474,Jared Robinson,41776
2475,Bennett Sousa,41780
2476,Nick Banks,41791
2477,Zach Reks,41798
2478,Robert Broom,41801
2479,Hunter Feduccia,41802
2480,James Outman,41807
2481,Kenneth Rosenberg,41808
2482,Ford Proctor,41828
2483,Steven Wilson,41829
2484,Ronel De Jesus Blanco,41830
2485,Mateo Gil,41831
2486,Humberto Castellanos,41847
2487,Taylor Guilbeau,41874
2488,Dauri Moreta,41877
2489,Ibandel Euclides Isabel,41883
2490,Alejo Lopez,41888
2491,Kodi Whitley,41889
2492,Ivan Herrera,41893
2493,Yohan Ramirez,41900
2494,Jojanse Torres,41906
2495,Justin Toerner,41911
2496,Mark Kolozsvary,4711414
2497,Kohei Arihara,41917
2498,Otto Lopez,41928
2499,Freddy Antonio Fermin,2220970
2500,David Garcia,41937
2501,Juan Carlos Fernandez,41939
2502,Eduard Bazardo,41942
2503,Ryley Gilliam,41963
2504,Ruben Cardenas,41976
2505,Agustin Ruiz,41996
2506,Steven Kwan,42012
2507,Kyle Nelson,42024
2508,Kendall Logan Simmons,42027
2509,Adrian De Horta,42047
2510,Logan O'Hoppe,42048
2511,Armando Francisco Alvarez,3105825
2512,Alec Bettinger,42053
2513,Nicholas Quinn Decolati,42063
2514,Isaac Mattson,42072
2515,Andrew Politi,42073
2516,Brooks Kriske,42081
2517,Alejandro Kirk,42092
2518,Jeremy Beasley,42093
2519,Joey Murray,42105
2520,Jose Luis Tena,42106
2521,Jacob Carlos Amaya,42126
2522,Mac Sceroler,42133
2523,Bryan Lavastida,42138
2524,Codi Heuer,42141
2525,Jose Rodriguez,42152
2526,Tanner Dodson,42169
2527,Zach Plesac,42171
2528,Anthony Bender,42178
2529,Adley Rutschman,42179
2530,Riley Greene,42180
2531,Pete Fairbanks,42183
2532,Cameron Cannon,42188
2533,Sean Poppen,42192
2534,Matthew Bruce Allan,42193
2535,Hunter David Bishop,42195
2536,Jordan Brewer,42202
2537,Zach King,42204
2538,Noah Song,42210
2539,Chris Vallimont,42212
2540,Paul Richan,42214
2541,Randy Dobnak,42226
2542,Stephen Ridings,42239
2543,Jacob Lopez,42241
2544,Prelander Berroa,42242
2545,Kai-Wei Teng,42253
2546,Alfredo Jose Garcia,42261
2547,Andre Scrubb,42262
2548,Sammy Long,42267
2549,Misael Tamarez,42308
2550,James Marvel,42316
2551,Aaron Fletcher,42340
2552,Victor Gonzalez,42342
2553,Blake Taylor,42351
2554,Nivaldo Rodriguez,42352
2555,Ashton Goudeau,42353
2556,Antonio Santos,42355
2557,Tejay Antone,42356
2558,Yoan Aybar,42357
2559,Blake Cederlind,42358
2560,Humberto Mejia,42359
2561,Cristopher Sanchez,42360
2562,Curtis Mead,42361
2563,Miguel Yajure,42362
2564,Tyson Miller,42363
2565,Manuel Rodriguez,42375
2566,Will Wilson,42378
2567,Rony Garcia,42380
2568,Dany Jimenez,42381
2569,Yoshi Tsutsugo,42384
2570,Kwang Hyun Kim,42390
2571,Shogo Akiyama,42394
2572,Andrew Vaughn,42395
2573,Shun Yamaguchi,4416990
2574,Colton Cowser,42401
2575,Jasson Dominguez,42402
2576,CJ Abrams,42403
2577,Bobby Witt Jr.,42404
2578,Corbin Carroll,42405
2579,Erick Pena,42406
2580,George Kirby,42407
2581,Kody Hoese,42408
2582,Braden Shewmake,42409
2583,Tarik Skubal,42410
2584,JJ Bleday,42411
2585,Luisangel Acuna,42412
2586,Michael Toglia,42413
2587,Maximo Acosta,42414
2588,Brett Baty,42415
2589,Michael Busch,42416
2590,Kameron Misner,42417
2591,Bryson Stott,42418
2592,Misael Urbina,42419
2593,Robert Puason,42420
2594,JJ Goss,42421
2595,Omar Cruz,42422
2596,Bryant Packard,42423
2597,Eddy Diaz,42424
2598,Matthew Thompson,42425
2599,Luis Verdugo,42426
2600,Bryce Ball,42427
2601,Matt Wallner,42428
2602,Peyton Burdick,42429
2603,Logan Davidson,42430
2604,Aaron Schunk,42431
2605,Brandon Williamson,42432
2606,Sammy Siani,42433
2607,Nick Lodolo,42434
2608,Jackson Rutledge,42435
2609,Davis Wendzel,42436
2610,Alek Manoah,42437
2611,Josh Jung,42438
2612,Daniel Espino,42439
2613,Thad Ward,42440
2614,Ricky Vanasco,42441
2615,Keoni Cavaco,42442
2616,Blake Walston,42443
2617,Benyamin Bailey,42444
2618,Alexfri Planez,42445
2619,Luis Frias,42446
2620,Hudson Head,42447
2621,Gilberto Jimenez,42449
2622,Quinn Priester,42450
2623,Joe Ryan,42451
2624,Liover Peguero,42452
2625,Arol Josue Vera,42453
2626,Miguel Antonio Vargas,42454
2627,Canaan Elijah Smith-Njigba,42455
2628,Heriberto Jose Hernandez,42456
2629,Alexander Mojica,42457
2630,Ezequiel Duran,42458
2631,Jairo Jeffry Pomares,42459
2632,Andry Jose Lara,42460
2633,Julio Alberto Carreras,42461
2634,Wilderd Rafael Patino,42462
2635,Brenton Edward Doyle,42463
2636,Brennan Malone,42464
2637,Gabriel Moreno,42465
2638,Ronnier Quintero,42466
2639,Alex De Jesus,42467
2640,Antoine Kelly,42468
2641,Andy Pages,42469
2642,Keithron Moss,42470
2643,Michael Harris,42471
2644,Junior Perez,42472
2645,Dauri Lorenzo,42473
2646,Darryl Collins,42474
2647,Osleivis Basabe,42475
2648,Jeferson Espinal,42476
2649,Luis Toribio,42477
2650,Maikol Escotto,42478
2651,Bayron Lora,42479
2652,Oswald Peraza,42480
2653,Taj Bradley,42481
2654,Raimfer Salinas,42482
2655,Ismael Mena,42483
2656,Kendall Williams,42484
2657,Tre Fletcher,42485
2658,Zack Thompson,42486
2659,Matthew Lugo,42487
2660,Tyler Callihan,42489
2661,Devin Mann,42490
2662,Drew Mendoza,42491
2663,Emmanuel Rodriguez,42492
2664,Hyun-il Choi,42493
2665,Logan Wyatt,42494
2666,Josh Mears,42495
2667,Jose De La Cruz,42496
2668,Jeremy De La Rosa,42497
2669,Angel Martinez,42498
2670,Adinso Reyes,42499
2671,Jimmy Lewis,42500
2672,Kevin Alcantara,42501
2673,Rafael Morel,42502
2674,Victor Bericoto,42503
2675,Vaughn Grissom,42504
2676,Carlos Vargas,42505
2677,Yohander Martinez,42506
2678,Josh Wolf,42507
2679,Gunnar Henderson,42515
2680,Jordan Diaz,42535
2681,Hedbert Perez,42536
2682,Kyren Paris,42537
2683,Wilmin Candelario,42538
2684,Reginald Preciado,42539
2685,Alexander Vizcaino,42540
2686,Shawn Dubin,42541
2687,Ethan Small,42542
2688,Seth Johnson,42543
2689,Chase Strumpf,42544
2690,Alexander Ramirez,42545
2691,Rece Hinds,42546
2692,Max Lazar,42547
2693,Anthony Volpe,42548
2694,Jhonkensy Noel,42549
2695,Robert Dominguez,42550
2696,Caleb Simpson,42551
2697,Jair Camargo,4187661
2698,Hunter Gaddis,42584
2699,Drew Rasmussen,42585
2700,Thomas Jankins,42586
2701,Damon Jones,42587
2702,Ramon Rosso,42589
2703,Brett de Geus,42592
2704,Lake Bachar,42594
2705,Raffi Vizcaino,42595
2706,Cristian Alvarado,42596
2707,Tyler Zuber,42598
2708,Shea Langeliers,42599
2709,42600,Charlie Barnes
2710,42602,Sam Clay
2711,42603,Edwar Colina
2712,42604,Griffin Jax
2713,42605,Thomas Parsons
2714,42606,Angel Rondon
2715,42607,Aaron Antonini
2716,42608,Pedro Pages
2717,42609,Carlos Soto
2718,42612,Cooper Johnson
2719,42613,Kole Cottam
2720,42615,Josh Fleming
2721,42620,Nick Mears
2722,42621,Daniel Castano
2723,42622,Alex Vesia
2724,42623,Jerar Encarnacion
2725,42628,Wandisson Charles
2726,42639,Kaleb Ort
2727,42641,Brandon Lockridge
2728,42664,Jake Mangum
2729,42667,Grae Kessinger
2730,42673,Juan Gamez
2731,42680,Joshua Green
2732,42681,Carson LaRue
2733,42683,Tayler Saucedo
2734,42686,Andrick Nava
2735,42695,Nolan Kingham
2736,42698,Jason Foley
2737,42701,Ryan Kreidler
2738,42735,Justin Bruihl
2739,42738,Darien Nunez
2740,4875960,Richard Guasch
2741,42740,Andre Lipcius
2742,42742,Seth Martinez
2743,4875969,Caleb Kilian
2744,4875970,Jose Marte
2745,42764,Carter Bins
2746,4532044,Alexander Vargas
2747,42776,Thomas Dillard
2748,42780,Victor Acosta
2749,4728692,Cody Poteet
2750,4728695,Jacob Andrew Eder
2751,42803,Christopher Bec
2752,42804,Hobie Harris
2753,4728686,Tyler Dyson
2754,42807,Bradley Roney
2755,4728687,Cameron Barstad
2756,42809,Andrew Wantz
2757,42822,Bryan Ramos
2758,42826,Romy Gonzalez
2759,42828,Lency Delgado
2760,42835,Colton Shaver
2761,42840,Seth Gray
2762,42848,Austin Warren
2763,42851,Devin Sweet
2764,42852,Aaron Leasher
2765,42867,Willie Joe Garry Jr.
2766,42875,Austin Shenton
2767,42876,Patrick Frick
2768,42884,Josh Smith
2769,42885,Logan Brown
2770,42893,Kurt Hoekstra
2771,42898,Yoendrys Gomez
2772,42899,Clay Dungan
2773,42901,Kyle McCann
2774,42927,Christopher Morel
2775,42952,Jack Herman
2776,42957,Yolbert Sanchez
2777,4089862,Ha-Seong Kim
2778,42964,Jake Cousins
2779,42972,Connor Overton
2780,42984,Dominic Fletcher
2781,42987,David Hamilton
2782,42990,Fabian Pertuz
2783,43012,Jordy Barley
2784,43014,Korry Howell
2785,43026,Will Robertson
2786,43028,Keegan Curtis
2787,43030,Tyler Fitzgerald
2788,43035,Blake Evan Hunt
2789,4089877,Hyeon-Jong Yang
2790,4417795,Sal Frelick
2791,4221118,Nick Mikolajchak
2792,4417826,Landon Knack
2793,4712767,Endy Rodriguez
2794,3975623,Austin Hansen
2795,3107510,John Patterson
2796,4418346,Korey Lee
2797,4418683,Henry Davis
2798,4713488,Joshua Winckowski
2799,3107919,Bailey Ober
2800,4418627,Matheu Nelson
2801,4435106,Isaiah Greene
2802,4713652,Tommy Romero
2803,3173726,Oliver Ortega
2804,4009410,Hayden Senger
2805,4189711,Ken Waldichuk
2806,4894467,Matt Brash
2807,28447,Carlos Ruiz
2808,28466,Carlos Manuel Villanueva
2809,28476,Matt Kemp
2810,28487,Jon Lester
2811,28489,Pat Neshek
2812,28501,Edward Mujica
2813,28513,Adam Jones
2814,28525,Matt Albers
2815,28536,Ben Zobrist
2816,28545,Rajai Davis
2817,28561,Chris Iannetta
2818,28563,Andrew Miller
2819,28567,Troy Tulowitzki
2820,28573,Vinny Rottino
2821,2305985,Seth Blair
2822,28586,Miguel Montero
2823,28611,Ryan Feierabend
2824,28625,Ubaldo Jimenez
2825,28636,Alex Gordon
2826,28639,Evan Longoria
2827,28658,Carlos Gonzalez
2828,28661,Gregor Blanco
2829,28668,Homer Bailey
2830,28670,Joey Votto
2831,28671,Asdrubal Cabrera
2832,28673,Tony Sipp
2833,28675,Franklin Morales
2834,28687,Hunter Pence
2835,28688,Joakim Soria
2836,28694,Tyler Clippard
2837,28699,Alfredo Simon
2838,28701,Andrew McCutchen
2839,3960877,Chad Smith
2840,28721,Ryan Braun
2841,28728,Alejandro De Aza
2842,28729,Joe Smith
2843,28734,Brandon Morrow
2844,28762,Carlos Gomez
2845,28772,Mark Reynolds
2846,28802,Kurt Suzuki
2847,3960910,Isaiah Campbell
2848,28817,J.A. Happ
2849,28841,Justin Upton
2850,3960993,Cody Morris
2851,28855,Clay Buchholz
2852,28864,Ian Kennedy
2853,28877,Emilio Bonifacio
2854,28886,Steve Pearce
2855,28895,Ross Detwiler
2856,28899,Ryan Michael Hanigan
2857,4321454,Dane Acker
2858,28915,Jerry Blevins
2859,28938,Sergio Valenzuela
2860,28952,Alexei Ramirez
2861,28954,Jay Bruce
2862,28955,Johnny Cueto
2863,28957,Wade Davis
2864,28958,David Price
2865,28959,Jake McGee
2866,28962,Gio Gonzalez
2867,28963,Clayton Kershaw
2868,28968,Carlos Carrasco
2869,28976,Max Scherzer
2870,29008,Ezequiel Carrera
2871,29055,Gustavo Nunez
2872,29074,Jed Lowrie
2873,29081,Darren O'Day
2874,29096,Hernan Iribarren
2875,29105,Sean Rodriguez
2876,29108,Robinzon Diaz
2877,29115,Bobby Wilson
2878,3387792,Kade McClure
2879,29124,Matt Joyce
2880,29136,Gregorio Petit
2881,29155,Charlie Morton
2882,29166,Jeff Samardzija
2883,29168,Sergio Romo
2884,29170,Chris Davis
2885,29172,David Robertson
2886,29174,Brett Gardner
2887,29180,Nick Hundley
2888,29195,Clayton Richard
2889,29198,Tommy Hunter
2890,29200,Daniel Murphy
2891,29211,Sean Kazmar Jr.
2892,29212,Pablo Sandoval
2893,29215,Marco Estrada
2894,29220,Jesse Chavez
2895,29228,Wilkin Castillo
2896,29229,Alcides Escobar
2897,29238,Wade LeBlanc
2898,29252,Dexter Fowler
2899,29273,Francisco Cervelli
2900,4321820,Trent Palmer
2901,29282,Javier Herrera
2902,29287,Matt Wieters
2903,29307,Kristopher Negron
2904,29310,Miguel Gonzalez
2905,29315,Carlos Colmenares
2906,29318,Peter Bourjos
2907,29322,Mark Trumbo
2908,29330,Andrew Romine
2909,29347,Carlos Torres
2910,29357,Paulo Orlando
2911,29416,Lorenzo Cain
2912,4109031,Christian Koss
2913,29422,Guilder Rodriguez
2914,29430,Deolis Guerra
2915,29436,Drew Butera
2916,29440,Deibinson Romero
2917,29446,Mark Melancon
2918,3896017,Sean Guenther
2919,29458,Jose Gil
2920,29470,Austin Romine
2921,29478,Arnold Leon
2922,3896101,Nick Allgeyer
2923,29503,Carlos Triunfel
2924,29515,Elvis Andrus
2925,29524,Erik Kratz
2926,29550,Gorkys Hernandez
2927,29551,Jason Heyward
2928,29563,Josh Donaldson
2929,29564,Welington Castillo
2930,4895558,Juan Yepez
2931,29590,Neil Walker
2932,29607,Justin Turner
2933,29630,Kenley Jansen
2934,29646,Ian Desmond
2935,29661,Ruben Tejada
2936,29670,Freddy Galvis
2937,29687,29691
2938,Jon Jay,29694
2939,David Freese,29698
2940,David Carpenter,29703
2941,Donovan Solano,29705
2942,Adam Ottavino,29710
2943,Jose Lobaton,29732
2944,Eric Sogard,29763
2945,Pedro Strop,29784
2946,Kevin Hankerd,29807
2947,Gerardo Parra,29839
2948,Jumbo Rafael Diaz,4420749
2949,Jordan Wicks,29942
2950,Neil Ramirez,29947
2951,Argenis Diaz,29949
2952,Madison Bumgarner,29951
2953,Travis d'Arnaud,29954
2954,Jean Machi,29955
2955,Charlie Culberson,29966
2956,Rick Porcello,29974
2957,Mario Lisson,29984
2958,Ernesto Frieri,29989
2959,Paolo Espino,29999
2960,Mike Moustakas,30004
2961,Todd Frazier,30011
2962,Pete Kozma,4879750
2963,Francisco Perez,30016
2964,Yonder Alonso,30019
2965,Jim Adduci,30041
2966,Brett Anderson,30043
2967,Michael Brantley,30054
2968,Trevor Cahill,30058
2969,David Hernandez,30074
2970,Matt Bush,30078
2971,Hector Alexis Gomez,30081
2972,Mike Dunn,30086
2973,Cesar Valdez,30089
2974,Hector Rondon,30095
2975,Junichi Tazawa,30099
2976,Tyson Ross,30105
2977,Antonio Bastardo,30112
2978,Buster Posey,30115
2979,Alex Avila,30117
2980,Gordon Beckham,30121
2981,Ramiro Pena,30124
2982,Brandon Snyder,30130
2983,Koji Uehara,30134
2984,Andrew Cashner,30145
2985,Jake Arrieta,30147
2986,Jhoulys Chacin,30148
2987,Derek Holland,30149
2988,Neftali Feliz,30153
2989,Anthony Swarzak,30157
2990,Tyler Flowers,30158
2991,Daniel Bard,30173
2992,Wilson Ramos,30175
2993,Justin Smoak,30178
2994,Jason Castro,30181
2995,Tony Barnette,4781491
2996,Yainer Diaz,30189
2997,Ryan Brasier,30190
2998,Alberto Rosario,30192
2999,Matt Kennelly,30193
3000,Freddie Freeman,30195
3001,Josh Reddick,30202
3002,Martin Cervenka,30209
3003,Jordan Zimmermann,30212
3004,Tim Beckham,30215
3005,Gabriel Noriega,4683352
3006,Shay Whitcomb,4683350
3007,4683349,Austin Wells
3008,30235,Jonathan Mota
3009,30237,Carlos Pérez
3010,4683355,Luke Little
3011,30243,Carlos Angenis Paulino
3012,4683369,Beck Way
3013,4683365,Masyn Winn
3014,4683364,Hunter Barnhart
3015,4683377,Carson Tucker
3016,30258,Shawn Kelley
3017,4683380,Jackson Miller
3018,4683379,Nick Yorke
3019,30268,Manny Pina
3020,30272,Eduardo Escobar
3021,30276,Luke Gregerson
3022,30280,Carlos Santana
3023,30283,Sean Doolittle
3024,30289,Martin Maldonado
3025,30290,Eduardo Nunez
3026,30310,Pedro Florimon
3027,30327,Marwin Gonzalez
3028,30328,Dan Otero
3029,30331,Audy Ciriaco
3030,30361,Craig Stammen
3031,30373,Stephen Strasburg
3032,30376,Daniel Hudson
3033,30378,John Axford
3034,30379,Niuman Romero
3035,30382,Jose Iglesias
3036,30394,Carlos Rivero
3037,30400,Ivan Nova
3038,30402,Francisco Peguero
3039,30412,Chaz Roe
3040,30417,Fernando Abad
3041,30419,Yohan Flande
3042,30423,Juan Jaime
3043,30424,Atahualpa Severino
3044,4208281,Ryan Pepiot
3045,30429,Max Stassi
3046,30433,JC Ramirez
3047,30442,Aroldis Chapman
3048,30444,Yohan Jose Pino
3049,30445,Robinson Chirinos
3050,30450,Starlin Castro
3051,30452,Mitch Moreland
3052,30456,Jonathan Lucroy
3053,30461,Jarrod Dyson
3054,30464,Caleb Joseph
3055,30465,Mike Leake
3056,30466,Zack Cozart
3057,30469,Brandon Crawford
3058,30471,Ehire Adrianza
3059,30475,Daniel Descalso
3060,30494,Al Alburquerque
3061,30502,Hector Noesi
3062,30505,30506
3063,Jeremy Hellickson,30509
3064,Jonny Venters,30511
3065,Juan Nicasio,4306800
3066,Kyle Hurt,30514
3067,Rafael Dolis,30517
3068,Blake Parker,30522
3069,Frank Herrmann,30524
3070,Kelvin De La Cruz,30525
3071,Jeanmar Gomez,30531
3072,Francisco Pena,30536
3073,Logan Morrison,30545
3074,Kyle Higashioka,30549
3075,Alexi Ogando,30555
3076,Dan Jennings,30562
3077,Alexi Amarista,30564
3078,Tyler Chatwood,30567
3079,Hector Sanchez,30569
3080,Edward Paredes,30570
3081,Steven Baron,30577
3082,Robert Stock,30578
3083,Simon Castro,30579
3084,Logan Forsythe,30583
3085,Giancarlo Stanton,30585
3086,Josh Lindblom,30589
3087,Bryan Shaw,30593
3088,Blake Lalli,30599
3089,30600,Josh Phegley
3090,30624,Mike Minor
3091,30627,Wilmer Flores
3092,30632,Steven Souza Jr.
3093,30636,Ryan Goins
3094,30650,Fernando Salas
3095,30651,Oscar Tejeda
3096,30653,Craig Kimbrel
3097,30664,Leury Garcia
3098,30665,Cory Gearrin
3099,30672,Juan Sandoval
3100,30675,Moises Sierra
3101,30680,Jimmy Santiago Paredes
3102,30687,Jordy Mercer
3103,30694,Pedro Baez
3104,30699,AJ Pollock
3105,30705,Jay Jackson
3106,30707,Brian Schlitter
3107,30709,Eric Thames
3108,30718,Junior Lake
3109,30726,Dee Strange-Gordon
3110,30728,Ryan Flaherty
3111,30729,Avisail Garcia
3112,30734,Hak-Ju Lee
3113,30738,Shelby Miller
3114,30740,Francisco Martinez
3115,30741,JB Shuck
3116,30743,Trayce Thompson
3117,30744,Hector Santiago
3118,30755,Keon Broxton
3119,30760,Mario Martinez
3120,30765,DJ LeMahieu
3121,30773,Mike Fiers
3122,30782,Anthony Rizzo
3123,30788,Gift Ngoepe
3124,30791,Miguel Rojas
3125,30799,Walter Ibarra
3126,30804,Lester Oliveros
3127,30815,Blaine Hardy
3128,30817,Jose Pirela
3129,30819,Kyle Seager
3130,30820,Lance Lynn
3131,30830,Starling Marte
3132,30836,Mike Trout
3133,30841,Brock Holt
3134,30860,Pat Urckfitz
3135,30862,Chris Owings
3136,30866,Rafael Ynoa
3137,30878,Hernan Perez
3138,30892,Garrett Richards
3139,30898,Yangervis Solarte
3140,30901,Brandon Belt
3141,30908,Juan Ciriaco
3142,30910,Daniel Nava
3143,30915,Leury Bonilla
3144,30925,James Beresford
3145,30934,Josh Harrison
3146,30937,Michael Pineda
3147,30942,Jhan Marinez
3148,30944,Josh Tomlin
3149,30945,Greg Holland
3150,30948,Chris Sale
3151,30950,Yasmani Grandal
3152,30951,Bryce Harper
3153,30953,Lucas Duda
3154,30954,Jeremy Jeffress
3155,30955,Gregory Infante
3156,30959,Brandon Kintzler
3157,30963,Steve Cishek
3158,30965,Hisashi Iwakuma
3159,30967,Maikel Cleto
3160,30979,Arquimedes Caminero
3161,30981,Corey Kluber
3162,30985,Scott Diamond
3163,30986,Michael Martinez
3164,30993,Eric Hosmer
3165,30995,Tim Collins
3166,31000,Brad Brach
3167,31001,Juan Pablo Oramas
3168,31003,Chris Archer
3169,31007,Jason Kipnis
3170,31009,Brian Dozier
3171,31010,Drew Pomeranz
3172,31015,Matt Carpenter
3173,31022,Melky Mesa
3174,31024,Miguel Socolovich
3175,31026,Justin Wilson
3176,31027,Paul Goldschmidt
3177,31029,Daniel Mayora
3178,31032,Stephen Vogt
3179,31036,Jose Heberto Felix
3180,31037,Jean Segura
3181,31038,Tim Federowicz
3182,31039,Ryan Lavarnway
3183,31042,Billy Hamilton
3184,31047,Henderson Alvarez
3185,31048,Anthony Gose
3186,31049,Adeiny Hechavarria
3187,31051,Rubby De La Rosa
3188,31052,Jose Casilla
3189,31053,Kyle Gibson
3190,31054,Zack Britton
3191,31059,Jorge De Leon
3192,31060,Arcenio Leon
3193,31061,Jordan Lyles
3194,31065,J.D. Martinez
3195,31067,Brandon Dickson
3196,31073,Fabio Castillo
3197,31075,Wilmer Font
3198,31077,Brad Hand
3199,31083,Rex Brothers
3200,31084,Charlie Blackmon
3201,31086,Alex Cobb
3202,31087,Arodys Vizcaino
3203,31091,Julio Teheran
3204,31092,Mike Montgomery
3205,31093,Randall Delgado
3206,31094,Wade Miley
3207,31095,Gary Sanchez
3208,31097,Manny Machado
3209,31098,Martin Perez
3210,31099,Matt Moore
3211,31101,Adam Warren
3212,31107,Cesar Cabral
3213,31108,Alberto Cabrera
3214,31109,Albert Suarez
3215,31111,Stolmy Pimentel
3216,31114,Danny Duffy
3217,31116,Christian Colon
3218,31117,Jurickson Profar
3219,31119,Allen Webster
3220,31122,Dellin Betances
3221,31123,Manny Banuelos
3222,31124,David Phelps
3223,31127,Salvador Perez
3224,31130,Cesar Hernandez
3225,31133,Rob Brantly
3226,31136,Nate Jones
3227,31138,Rossmel Perez
3228,31140,Wily Peralta
3229,31143,Armando Rodriguez
3230,31144,Anthony Bass
3231,31145,Matt Davidson
3232,4651511,Jeremy Wu-Yelland
3233,31164,Alfredo Silverio
3234,31168,Mark Hamburger
3235,31171,Eric Campbell
3236,31172,Ryan LaMarre
3237,31173,Tucker Barnhart
3238,31174,Nathan Eovaldi
3239,31175,Scooter Gennett
3240,31181,Juan Duran
3241,31187,Nick Castellanos
3242,31188,Dixon Machado
3243,31190,Tyler Saladino
3244,31191,Felix Perez
3245,31192,Junior Arias
3246,31195,Jake Marisnick
3247,31200,Ronald Torreyes
3248,31208,Tommy Pham
3249,31209,Mike Freeman
3250,31214,Matt Harvey
3251,31217,Jared Hoying
3252,31222,Phil Gosselin
3253,31229,Michael Almanzar
3254,31234,Dan Butler
3255,31238,Yadiel Rivera
3256,4684370,Johan Quezada
3257,4684369,Max Kranick
3258,4684365,4684364
3259,Andre Jackson,31250
3260,Corban Joseph,31253
3261,Aaron Hicks,31254
3262,Aaron Sanchez,31255
3263,Alex Colome,31258
3264,Jameson Taillon,4684371
3265,Robert Hassell III,31260
3266,Miguel Sano,31261
3267,Nolan Arenado,31262
3268,Oswaldo Arcia,31263
3269,Trevor May,31264
3270,Tyler Matzek,31265
3271,Wil Myers,31267
3272,Zack Wheeler,31275
3273,31276,Brett Eibner
3274,31278,Rymer Liriano
3275,31283,Christian Yelich
3276,31286,Eury Perez
3277,31288,Cesar Puello
3278,31313,Patrick Corbin
3279,4684313,Koen Moreno
3280,31324,Jae-Hoon Ha
3281,31327,Ender Inciarte
3282,31331,Henry Rodriguez
3283,31337,Matt Szczur
3284,31340,31358
3285,Enrique Hernandez,31359
3286,Matt Adams,31360
3287,Delino DeShields,31364
3288,Justin Miller,4684360
3289,Joan Adon,31376
3290,Didi Gregorius,31385
3291,Robbie Grossman,31387
3292,Danny Santana,31389
3293,Christian Vazquez,31392
3294,Joc Pederson,31393
3295,Steve Geltz,31399
3296,Randal Grichuk,31402
3297,Jedd Gyorko,31403
3298,Raul Navarro,31410
3299,Juan Lagares,31413
3300,Kole Calhoun,31416
3301,Sharlon Schoop,4684430
3302,Brayan Buelvas,31443
3303,Juan Centeno,31444
3304,Aderlin Rodriguez,31445
3305,Andy Vásquez,31446
3306,Kevin Kiermaier,31453
3307,Justin Bour,31455
3308,Brian Moran,31462
3309,Drew Hutchison,31465
3310,Luis Avilan,31466
3311,Edgar Duran,31470
3312,Darin Ruf,31474
3313,Abraham Almonte,31475
3314,Pat Venditte,31477
3315,John Ryan Murphy,31478
3316,Khris Davis,31480
3317,Tyler Bortnick,31495
3318,Brad Boxberger,31499
3319,Jarrett Parker,31508
3320,Reynaldo A. Rodriguez,31513
3321,Tony Watson,4307825
3322,Spencer Strider,31539
3323,Gerson Montilla,31540
3324,Nick Vincent,31549
3325,31555,Jose Gonzalez
3326,31556,Jared Hughes
3327,31557,Alex Wilson
3328,31560,Isaac Galloway
3329,31564,Jose Flores
3330,31588,Leonys Martin
3331,31591,Brad Peacock
3332,31593,Tanner Roark
3333,31595,A.J. Cole
3334,31601,Zac Rosscup
3335,31606,Xander Bogaerts
3336,31612,Keury De La Cruz
3337,31615,Oliver Drake
3338,31617,Ramon Flores
3339,31618,Mychal Givens
3340,31630,Edward Salcedo
3341,31645,Yorman Rodriguez
3342,31647,Tyler Ladendorf
3343,31648,Kaleb Cowart
3344,4684778,Jordan Walker
3345,4881374,Nick Snyder
3346,31654,Jake Odorizzi
3347,31659,Cristhian Adames
3348,31660,31662
3349,Jose Altuve,31663
3350,Jose De La Torre,4684779
3351,Malcom Nunez,31668
3352,Marcell Ozuna,31670
3353,Mark Canha,31673
3354,Jose Cisnero,31678
3355,Daniel Corcino,31679
3356,Albert Cordero,31682
3357,Cheslor Cuthbert,31684
3358,Corey Dickerson,31687
3359,Jeurys Familia,31697
3360,David Freitas,31706
3361,Tommy Milone,31716
3362,Cam Bedrosian,31718
3363,Chad Bettis,31722
3364,Austin Brice,31727
3365,Edwar Cabrera,31728
3366,Andrelton Simmons,31730
3367,Noah Syndergaard,31734
3368,Asher Wojciechowski,31737
3369,Jorge Alfaro,31738
3370,Aaron Altherr,31745
3371,Sam Dyson,31747
3372,Roman Mendez,31748
3373,Stetson Allie,31749
3374,Luke Jackson,31753
3375,Justin Grimm,31755
3376,Liam Hendriks,31756
3377,Kyle Lobstein,31758
3378,Christian Bethancourt,31762
3379,Jesse Biddle,31766
3380,Wilfredo Boscan,31770
3381,Michael Ynoa,31779
3382,Ji-Man Choi,31783
3383,Jose De Paula,31784
3384,Derek Dietrich,31791
3385,Robbie Erlin,31792
3386,Anthony Fernandez,31793
3387,Kendry Flores,31799
3388,Preston Guilmet,31803
3389,Tim Melville,31804
3390,Hector Guevara,31815
3391,Dallas Keuchel,31816
3392,Drew Smyly,31818
3393,Kellin Deglan,31819
3394,Mike Foltynewicz,31823
3395,Jonathan Galvez,31824
3396,Ben Gamel,31832
3397,Ismael Guillon,31833
3398,Rafael Ortega,31840
3399,Heath Hembree,4684829
3400,Dylan File,31842
3401,Jake Petricka,31844
3402,Tony Wolters,31848
3403,Mason Williams,31851
3404,Josmil Pinto,31859
3405,Edgar Ibarra,31863
3406,Adys Portillo,31864
3407,Taijuan Walker,31867
3408,Tommy Kahnle,31870
3409,Max Kepler,31871
3410,Mike Kickham,31873
3411,Christian Villanueva,31874
3412,Nick Kingham,31878
3413,Vince Velasquez,4308037
3414,Cade Cavalli,31881
3415,Richard Vargas,31882
3416,Sebastian Valle,31883
3417,Ian Krol,4095176
3418,Seth Shuman,31887
3419,Tyler Thornburg,31888
3420,Braulio Lara,31898
3421,Matt Magill,31901
3422,Jefry Marte,4717802
3423,Colin Barber,4619495
3424,Will Bednar,31910
3425,Bryan Mitchell,4717803
3426,Hunter Brown,4422899
3427,Matt McLain,31927
3428,Luis Sardinas,31931
3429,Domingo Santana,31933
3430,Rangel Ravelo,31938
3431,Drew Robinson,31939
3432,Wilking Rodriguez,4717834
3433,Yerry De Los Santos,4717833
3434,Pete Crow-Armstrong,31941
3435,Reinier Roibal,4717832
3436,Kervin Castro,31942
3437,Enny Romero,31943
3438,Bruce Rondon,31944
3439,Eddie Rosario,31945
3440,Trevor Rosenthal,31948
3441,Adrian Salcedo,31961
3442,Bryan Holaday,31964
3443,Jesus Sucre,31968
3444,Anderson De La Rosa,31970
3445,Luis Jimenez,31973
3446,Jonathan Villar,31980
3447,James Paxton,31983
3448,Erasmo Ramirez,31985
3449,Elmer Reyes,31987
3450,Chris Rusin,31988
3451,Jonathan Schoop,31992
3452,Joe Kelly,31993
3453,Audry Perez,31998
3454,Chris Herrmann,32005
3455,Brooks Raley,32008
3456,Juan Habisail Diaz,32010
3457,Jose Yepez,4717905
3458,Yosver Zulueta,4717904
3459,Tyler Wells,32014
3460,Trevor Bauer,4717903
3461,Zac Veen,4717902
3462,Alex Santos II,4717901
3463,Jose Rivera,4717900
3464,Marcel Renteria,4717899
3465,Dedniel Nunez,32019
3466,Andy Burns,32023
3467,Danny Hultzen,32028
3468,Xavier Cedeno,32029
3469,Kelvin Herrera,32030
3470,Lucas Luetge,32033
3471,Angel Villalona,32036
3472,Ariel Pena,32042
3473,Tsuyoshi Wada,32043
3474,Rafael Martin,4734325
3475,Bowden Francis,32046
3476,James McCann,32047
3477,Munenori Kawasaki,32048
3478,Wei-Yin Chen,32049
3479,Curt Casali,32052
3480,Chen-Chang Lee,32053
3481,Norichika Aoki,32055
3482,Yu Darvish,4734319
3483,Reese Olson,32056
3484,Jett Bandy,32058
3485,Matt Shoemaker,32061
3486,Kolten Wong,32062
3487,Andrew Susac,32065
3488,Brian Ward,32068
3489,Adam Eaton,32070
3490,Sean Gilmartin,32075
3491,Sam Freeman,32078
3492,George Springer,4717838
3493,Jagger Haynes,32080
3494,Yoenis Cespedes,4717837
3495,32081,Gerrit Cole
3496,3210625,Jake Latz
3497,4717836,Mason Fox
3498,32082,Sonny Gray
3499,4717835,Ethan Elliott
3500,32087,Joe Panik
3501,32094,Dylan Bundy
3502,32095,Danny Salazar
3503,32098,Anthony Rendon
3504,32099,Jose Alvarez
3505,32100,Evan Marshall
3506,32101,Sandy Leon
3507,32104,AJ Ramos
3508,32106,Jose Quintana
3509,32107,Ryan Tepera
3510,32108,Yan Gomes
3511,32114,Ali Solis
3512,32116,Miles Mikolas
3513,32117,Ramon Salvador Cabrera
3514,32118,Rhiner Cruz
3515,32119,Raul Alcantara
3516,32120,Vicente Campos
3517,32121,Nicky Delmonico
3518,32122,Glynn Davis
3519,32123,Blake Swihart
3520,32127,Javier Baez
3521,32128,Dillon Maples
3522,32129,Francisco Lindor
3523,32131,Ronny Rodriguez
3524,4717898,Pedro Leon
3525,32132,Jesus Aguilar
3526,4717897,Justin Lange
3527,32134,Robert Stephenson
